ISO3,Year,mean_st
AFG,1995,0.401
ALB,1995,-0.127
DZA,1995,0.619
ASM,1995,0.813
AND,1995,1.239
AGO,1995,0.827
AIA,1995,0.476
ATG,1995,0.522
ARG,1995,0.21
ARM,1995,0.73
ABW,1995,0.573
AUS,1995,0.377
AUT,1995,0.958
AZE,1995,1.014
BHS,1995,0.767
BHR,1995,0.238
BGD,1995,0.29
BRB,1995,0.355
BLR,1995,1.501
BEL,1995,
BLZ,1995,0.657
BEN,1995,0.454
BTN,1995,0.431
BOL,1995,0.856
BIH,1995,0.304
BWA,1995,1.286
BRA,1995,0.781
VGB,1995,0.43
BRN,1995,0.334
BGR,1995,0.26
BFA,1995,0.478
BDI,1995,
CPV,1995,1.561
KHM,1995,0.58
CMR,1995,0.526
CAN,1995,0.934
CYM,1995,1.044
CAF,1995,0.28
TCD,1995,0.283
CHL,1995,-0.109
HKG,1995,-0.041
MAC,1995,-0.041
CHN,1995,0.578
COL,1995,0.431
COM,1995,0.327
COD,1995,0.462
COG,1995,0.601
COK,1995,0.522
CRI,1995,0.271
HRV,1995,0.447
CUB,1995,1.047
CYP,1995,0.095
CZE,1995,1.058
DNK,1995,1.305
DJI,1995,0.763
DMA,1995,0.591
DOM,1995,0.786
ECU,1995,0.694
EGY,1995,0.156
SLV,1995,0.636
GNQ,1995,0.921
ERI,1995,
EST,1995,1.735
SWZ,1995,0.546
ETH,1995,0.815
FLK,1995,
FRO,1995,-0.219
FJI,1995,0.285
FIN,1995,1.724
FRA,1995,1.299
PYF,1995,0.441
GAB,1995,0.599
GMB,1995,1.055
GEO,1995,0.746
DEU,1995,1.308
GHA,1995,0.761
GIB,1995,1.344
GRC,1995,-0.001
GRL,1995,-0.345
GRD,1995,0.595
GLP,1995,0.526
GTM,1995,0.675
GUF,1995,0.833
GIN,1995,0.682
GNB,1995,1.016
GUY,1995,0.932
HTI,1995,0.889
VAT,1995,0.228
HND,1995,0.9
HUN,1995,0.65
ISL,1995,-0.349
IND,1995,0.208
IDN,1995,0.344
IRN,1995,0.692
IRQ,1995,0.276
IRL,1995,1.182
IMN,1995,1.153
ISR,1995,-0.23
ITA,1995,0.436
JAM,1995,0.932
JPN,1995,0.323
JOR,1995,-0.154
KAZ,1995,2.026
KEN,1995,0.376
KIR,1995,0.355
PRK,1995,0.739
KOR,1995,0.446
KWT,1995,0.192
KGZ,1995,0.46
LAO,1995,0.623
LVA,1995,1.61
LBN,1995,0.011
LSO,1995,0.709
LBR,1995,0.75
LBY,1995,0.26
LIE,1995,0.911
LTU,1995,1.521
LUX,1995,
MDG,1995,0.347
MWI,1995,0.74
MYS,1995,0.431
MDV,1995,0.707
MLI,1995,0.647
MLT,1995,0.42
MHL,1995,0.045
MTQ,1995,0.586
MRT,1995,1.171
MUS,1995,0.577
MYT,1995,0.314
MEX,1995,0.77
FSM,1995,0.042
MDA,1995,0.603
MCO,1995,0.665
MNG,1995,1.293
MNE,1995,
MSR,1995,0.522
MAR,1995,1.121
MOZ,1995,0.564
MMR,1995,0.661
NAM,1995,0.752
NRU,1995,
NPL,1995,0.354
NLD,1995,1.548
NCL,1995,0.448
NZL,1995,0.095
NIC,1995,0.756
NER,1995,0.585
NGA,1995,0.448
NIU,1995,
NFK,1995,0.463
MKD,1995,-0.018
NOR,1995,0.959
OMN,1995,0.321
PAK,1995,-0.051
PLW,1995,0.476
PAN,1995,0.19
PNG,1995,0.802
PRY,1995,0.548
PER,1995,0.881
PHL,1995,0.492
PCN,1995,-0.153
POL,1995,1.114
PRT,1995,1.673
PRI,1995,0.565
QAT,1995,0.145
ROU,1995,0.416
RUS,1995,2.113
RWA,1995,
SHN,1995,0.656
SPM,1995,-0.19
WSM,1995,0.728
SMR,1995,0.389
STP,1995,0.763
SAU,1995,0.138
SEN,1995,1.016
SRB,1995,
SYC,1995,0.496
SLE,1995,0.738
SGP,1995,0.571
SVK,1995,0.704
SVN,1995,0.846
SLB,1995,0.359
SOM,1995,0.672
ZAF,1995,0.644
SSD,1995,
ESP,1995,1.474
LKA,1995,0.68
KNA,1995,0.522
LCA,1995,0.558
VCT,1995,0.596
SDN,1995,
SUR,1995,1.017
SWE,1995,1.28
CHE,1995,0.993
SYR,1995,0.128
TWN,1995,0.126
TJK,1995,0.319
TZA,1995,0.268
THA,1995,0.698
TLS,1995,0.309
TGO,1995,0.552
TKL,1995,
TON,1995,0.357
TTO,1995,0.592
TUN,1995,0.687
TUR,1995,0.147
TKM,1995,1.378
TCA,1995,
TUV,1995,0.383
UGA,1995,0.475
UKR,1995,0.946
ARE,1995,0.023
GBR,1995,1.111
USA,1995,0.629
VIR,1995,0.451
URY,1995,0.315
UZB,1995,1.386
VUT,1995,0.268
VEN,1995,0.518
VNM,1995,0.354
WLF,1995,0.347
PSE,1995,-0.246
ESH,1995,1.291
WLD,1995,0.836
YEM,1995,
ZMB,1995,0.705
ZWE,1995,0.792
AFG,1996,-0.064
ALB,1996,0.014
DZA,1996,0.866
ASM,1996,0.743
AND,1996,0.523
AGO,1996,0.455
AIA,1996,0.229
ATG,1996,0.274
ARG,1996,0.476
ARM,1996,0.514
ABW,1996,0.727
AUS,1996,0.559
AUT,1996,-0.183
AZE,1996,0.246
BHS,1996,0.115
BHR,1996,0.68
BGD,1996,0.242
BRB,1996,0.198
BLR,1996,-0.275
BEL,1996,
BLZ,1996,0.113
BEN,1996,0.772
BTN,1996,0.204
BOL,1996,0.427
BIH,1996,-0.022
BWA,1996,-0.175
BRA,1996,0.506
VGB,1996,0.185
BRN,1996,0.221
BGR,1996,-0.329
BFA,1996,0.989
BDI,1996,
CPV,1996,1.684
KHM,1996,0.239
CMR,1996,0.525
CAN,1996,-0.124
CYM,1996,0.46
CAF,1996,0.267
TCD,1996,0.684
CHL,1996,0.153
HKG,1996,0.009
MAC,1996,0.009
CHN,1996,0.212
COL,1996,0.057
COM,1996,-0.135
COD,1996,0.036
COG,1996,0.078
COK,1996,0.404
CRI,1996,-0.194
HRV,1996,-0.011
CUB,1996,0.205
CYP,1996,0.288
CZE,1996,-0.588
DNK,1996,-0.747
DJI,1996,0.869
DMA,1996,0.365
DOM,1996,0.553
ECU,1996,0.029
EGY,1996,0.391
SLV,1996,0.183
GNQ,1996,0.466
ERI,1996,0.134
EST,1996,-0.368
SWZ,1996,-0.104
ETH,1996,0.775
FLK,1996,
FRO,1996,0.28
FJI,1996,0.425
FIN,1996,0.158
FRA,1996,0.163
PYF,1996,0.019
GAB,1996,0.13
GMB,1996,1.281
GEO,1996,0.196
DEU,1996,-0.698
GHA,1996,0.726
GIB,1996,0.771
GRC,1996,-0.127
GRL,1996,0.652
GRD,1996,0.344
GLP,1996,0.287
GTM,1996,0.17
GUF,1996,0.559
GIN,1996,0.957
GNB,1996,1.161
GUY,1996,0.559
HTI,1996,0.363
VAT,1996,0.389
HND,1996,0.12
HUN,1996,-0.316
ISL,1996,0.545
IND,1996,0.319
IDN,1996,0.387
IRN,1996,0.238
IRQ,1996,0.718
IRL,1996,-0.02
IMN,1996,-0.121
ISR,1996,0.258
ITA,1996,0.252
JAM,1996,0.252
JPN,1996,-0.154
JOR,1996,0.377
KAZ,1996,-0.418
KEN,1996,0.424
KIR,1996,0.258
PRK,1996,0.318
KOR,1996,-0.012
KWT,1996,0.908
KGZ,1996,-0.422
LAO,1996,0.143
LVA,1996,-0.428
LBN,1996,0.363
LSO,1996,-0.233
LBR,1996,0.677
LBY,1996,0.448
LIE,1996,-0.022
LTU,1996,-0.512
LUX,1996,
MDG,1996,0.128
MWI,1996,0.496
MYS,1996,0.325
MDV,1996,0.453
MLI,1996,1.225
MLT,1996,0.6
MHL,1996,0.139
MTQ,1996,0.376
MRT,1996,1.515
MUS,1996,0.304
MYT,1996,-0.046
MEX,1996,0.527
FSM,1996,0.164
MDA,1996,-0.694
MCO,1996,0.213
MNG,1996,0.434
MNE,1996,
MSR,1996,0.274
MAR,1996,0.895
MOZ,1996,0.091
MMR,1996,0.39
NAM,1996,-0.094
NRU,1996,
NPL,1996,0.278
NLD,1996,-0.772
NCL,1996,0.636
NZL,1996,0.234
NIC,1996,-0.049
NER,1996,1.2
NGA,1996,0.789
NIU,1996,
NFK,1996,0.818
MKD,1996,-0.108
NOR,1996,-0.044
OMN,1996,0.24
PAK,1996,-0.08
PLW,1996,0.527
PAN,1996,0.026
PNG,1996,0.572
PRY,1996,0.082
PER,1996,0.221
PHL,1996,0.377
PCN,1996,-0.366
POL,1996,-0.781
PRT,1996,0.757
PRI,1996,0.347
QAT,1996,0.564
ROU,1996,-0.418
RUS,1996,0.818
RWA,1996,
SHN,1996,0.456
SPM,1996,0.207
WSM,1996,0.668
SMR,1996,0.311
STP,1996,
SAU,1996,0.525
SEN,1996,1.288
SRB,1996,
SYC,1996,0.177
SLE,1996,0.786
SGP,1996,0.21
SVK,1996,-0.399
SVN,1996,-0.069
SLB,1996,0.123
SOM,1996,0.862
ZAF,1996,-0.133
SSD,1996,
ESP,1996,0.743
LKA,1996,0.505
KNA,1996,0.274
LCA,1996,0.343
VCT,1996,0.341
SDN,1996,
SUR,1996,0.492
SWE,1996,-0.145
CHE,1996,0.025
SYR,1996,0.43
TWN,1996,-0.056
TJK,1996,-0.415
TZA,1996,0.149
THA,1996,0.26
TLS,1996,0.295
TGO,1996,0.665
TKL,1996,
TON,1996,0.281
TTO,1996,0.382
TUN,1996,0.649
TUR,1996,0.274
TKM,1996,-0.067
TCA,1996,
TUV,1996,0.281
UGA,1996,0.373
UKR,1996,-0.42
ARE,1996,0.478
GBR,1996,-0.149
USA,1996,-0.009
VIR,1996,0.209
URY,1996,0.504
UZB,1996,-0.452
VUT,1996,0.376
VEN,1996,0.35
VNM,1996,-0.009
WLF,1996,0.396
PSE,1996,0.252
ESH,1996,1.337
WLD,1996,0.359
YEM,1996,
ZMB,1996,0.747
ZWE,1996,-0.2
AFG,1997,0.409
ALB,1997,0.117
DZA,1997,1.085
ASM,1997,
AND,1997,1.725
AGO,1997,0.3
AIA,1997,0.39
ATG,1997,0.431
ARG,1997,0.732
ARM,1997,0.668
ABW,1997,
AUS,1997,0.349
AUT,1997,0.533
AZE,1997,0.586
BHS,1997,0.877
BHR,1997,0.359
BGD,1997,-0.015
BRB,1997,0.175
BLR,1997,0.36
BEL,1997,
BLZ,1997,0.781
BEN,1997,0.588
BTN,1997,-0.358
BOL,1997,1.018
BIH,1997,0.129
BWA,1997,0.077
BRA,1997,0.694
VGB,1997,0.349
BRN,1997,0.571
BGR,1997,-0.306
BFA,1997,0.696
BDI,1997,
CPV,1997,1.74
KHM,1997,0.297
CMR,1997,0.672
CAN,1997,0.427
CYM,1997,1.015
CAF,1997,0.264
TCD,1997,0.251
CHL,1997,0.657
HKG,1997,0.264
MAC,1997,0.264
CHN,1997,0.741
COL,1997,0.431
COM,1997,0.154
COD,1997,0.747
COG,1997,
COK,1997,0.266
CRI,1997,0.661
HRV,1997,0.323
CUB,1997,0.794
CYP,1997,0.037
CZE,1997,0.155
DNK,1997,0.655
DJI,1997,0.763
DMA,1997,0.558
DOM,1997,0.819
ECU,1997,1.002
EGY,1997,0.022
SLV,1997,0.859
GNQ,1997,
ERI,1997,0.322
EST,1997,0.92
SWZ,1997,0.193
ETH,1997,0.713
FLK,1997,
FRO,1997,0.823
FJI,1997,0.169
FIN,1997,0.806
FRA,1997,1.213
PYF,1997,0.177
GAB,1997,0.318
GMB,1997,1.516
GEO,1997,0.284
DEU,1997,0.559
GHA,1997,0.544
GIB,1997,1.469
GRC,1997,-0.169
GRL,1997,0.371
GRD,1997,0.436
GLP,1997,0.46
GTM,1997,0.785
GUF,1997,0.685
GIN,1997,0.875
GNB,1997,1.355
GUY,1997,0.682
HTI,1997,1.078
VAT,1997,0.885
HND,1997,0.86
HUN,1997,-0.125
ISL,1997,0.417
IND,1997,-0.083
IDN,1997,0.397
IRN,1997,0.647
IRQ,1997,0.212
IRL,1997,0.966
IMN,1997,0.916
ISR,1997,-0.22
ITA,1997,0.943
JAM,1997,0.768
JPN,1997,0.425
JOR,1997,-0.286
KAZ,1997,1.87
KEN,1997,0.495
KIR,1997,0.052
PRK,1997,1.033
KOR,1997,0.741
KWT,1997,0.519
KGZ,1997,1.406
LAO,1997,0.333
LVA,1997,0.75
LBN,1997,-0.143
LSO,1997,0.214
LBR,1997,0.985
LBY,1997,0.401
LIE,1997,0.954
LTU,1997,0.526
LUX,1997,
MDG,1997,0.607
MWI,1997,0.656
MYS,1997,0.588
MDV,1997,0.58
MLI,1997,0.915
MLT,1997,1.016
MHL,1997,0.05
MTQ,1997,0.557
MRT,1997,1.261
MUS,1997,0.861
MYT,1997,0.314
MEX,1997,0.447
FSM,1997,0.079
MDA,1997,-0.464
MCO,1997,1.299
MNG,1997,1.968
MNE,1997,
MSR,1997,0.431
MAR,1997,1.207
MOZ,1997,0.214
MMR,1997,0.274
NAM,1997,-0.132
NRU,1997,
NPL,1997,-0.322
NLD,1997,0.617
NCL,1997,0.175
NZL,1997,-0.14
NIC,1997,0.699
NER,1997,0.806
NGA,1997,0.71
NIU,1997,
NFK,1997,
MKD,1997,-0.104
NOR,1997,0.779
OMN,1997,0.05
PAK,1997,-0.364
PLW,1997,
PAN,1997,0.458
PNG,1997,0.101
PRY,1997,0.876
PER,1997,0.899
PHL,1997,0.461
PCN,1997,-0.385
POL,1997,0.016
PRT,1997,1.596
PRI,1997,0.555
QAT,1997,0.13
ROU,1997,-0.416
RUS,1997,1.285
RWA,1997,
SHN,1997,0.895
SPM,1997,-0.285
WSM,1997,
SMR,1997,1.015
STP,1997,
SAU,1997,-0.047
SEN,1997,1.435
SRB,1997,
SYC,1997,0.661
SLE,1997,0.887
SGP,1997,0.776
SVK,1997,-0.239
SVN,1997,0.512
SLB,1997,0.021
SOM,1997,0.687
ZAF,1997,0.249
SSD,1997,
ESP,1997,1.553
LKA,1997,0.668
KNA,1997,0.431
LCA,1997,0.46
VCT,1997,0.435
SDN,1997,
SUR,1997,0.767
SWE,1997,1.002
CHE,1997,1.058
SYR,1997,-0.145
TWN,1997,0.065
TJK,1997,1.059
TZA,1997,0.519
THA,1997,0.426
TLS,1997,0.022
TGO,1997,0.57
TKL,1997,
TON,1997,0.209
TTO,1997,0.439
TUN,1997,1.305
TUR,1997,-0.005
TKM,1997,1.357
TCA,1997,
TUV,1997,0.329
UGA,1997,0.64
UKR,1997,-0.342
ARE,1997,-0.148
GBR,1997,0.875
USA,1997,0.391
VIR,1997,0.38
URY,1997,1.153
UZB,1997,1.531
VUT,1997,0.167
VEN,1997,0.36
VNM,1997,0.303
WLF,1997,0.169
PSE,1997,-0.227
ESH,1997,1.466
WLD,1997,0.657
YEM,1997,0.171
ZMB,1997,0.476
ZWE,1997,0.117
AFG,1998,0.585
ALB,1998,0.838
DZA,1998,1.142
ASM,1998,
AND,1998,0.942
AGO,1998,1.206
AIA,1998,0.975
ATG,1998,0.992
ARG,1998,0.32
ARM,1998,1.368
ABW,1998,
AUS,1998,1.048
AUT,1998,1.363
AZE,1998,1.188
BHS,1998,1.029
BHR,1998,1.417
BGD,1998,0.598
BRB,1998,0.967
BLR,1998,0.707
BEL,1998,
BLZ,1998,0.826
BEN,1998,1.067
BTN,1998,0.758
BOL,1998,1.014
BIH,1998,1.078
BWA,1998,1.036
BRA,1998,1.282
VGB,1998,0.957
BRN,1998,1.163
BGR,1998,0.807
BFA,1998,1.069
BDI,1998,0.881
CPV,1998,1.866
KHM,1998,1.268
CMR,1998,1.265
CAN,1998,2.47
CYM,1998,0.943
CAF,1998,1.253
TCD,1998,0.866
CHL,1998,0.621
HKG,1998,0.929
MAC,1998,0.929
CHN,1998,1.273
COL,1998,0.848
COM,1998,0.619
COD,1998,0.95
COG,1998,1.087
COK,1998,
CRI,1998,0.939
HRV,1998,1.166
CUB,1998,1.022
CYP,1998,0.984
CZE,1998,1.272
DNK,1998,0.865
DJI,1998,1.067
DMA,1998,0.98
DOM,1998,1.216
ECU,1998,1.185
EGY,1998,0.748
SLV,1998,0.939
GNQ,1998,1.029
ERI,1998,0.46
EST,1998,0.526
SWZ,1998,0.892
ETH,1998,0.806
FLK,1998,
FRO,1998,0.607
FJI,1998,0.755
FIN,1998,0.092
FRA,1998,0.913
PYF,1998,0.487
GAB,1998,1.111
GMB,1998,1.764
GEO,1998,1.259
DEU,1998,1.152
GHA,1998,1.193
GIB,1998,1.117
GRC,1998,0.654
GRL,1998,1.253
GRD,1998,0.988
GLP,1998,0.979
GTM,1998,0.962
GUF,1998,1.414
GIN,1998,1.213
GNB,1998,1.772
GUY,1998,1.284
HTI,1998,1.127
VAT,1998,0.967
HND,1998,1.091
HUN,1998,1.102
ISL,1998,0.223
IND,1998,0.569
IDN,1998,0.997
IRN,1998,1.157
IRQ,1998,1.187
IRL,1998,0.927
IMN,1998,0.921
ISR,1998,0.779
ITA,1998,0.966
JAM,1998,1.246
JPN,1998,1.173
JOR,1998,0.893
KAZ,1998,0.482
KEN,1998,0.228
KIR,1998,0.46
PRK,1998,1.839
KOR,1998,1.497
KWT,1998,1.345
KGZ,1998,0.778
LAO,1998,1.432
LVA,1998,0.643
LBN,1998,0.95
LSO,1998,0.887
LBR,1998,1.26
LBY,1998,0.693
LIE,1998,1.212
LTU,1998,0.747
LUX,1998,
MDG,1998,0.778
MWI,1998,0.937
MYS,1998,1.138
MDV,1998,0.919
MLI,1998,1.238
MLT,1998,0.84
MHL,1998,0.031
MTQ,1998,0.981
MRT,1998,1.767
MUS,1998,1.105
MYT,1998,0.716
MEX,1998,0.677
FSM,1998,0.339
MDA,1998,0.795
MCO,1998,0.913
MNG,1998,2.153
MNE,1998,
MSR,1998,0.992
MAR,1998,1.484
MOZ,1998,0.887
MMR,1998,1.208
NAM,1998,1.093
NRU,1998,
NPL,1998,0.405
NLD,1998,1.073
NCL,1998,1.606
NZL,1998,0.967
NIC,1998,0.975
NER,1998,0.818
NGA,1998,1.078
NIU,1998,
NFK,1998,
MKD,1998,0.785
NOR,1998,0.401
OMN,1998,0.996
PAK,1998,0.454
PLW,1998,
PAN,1998,0.786
PNG,1998,1.243
PRY,1998,0.155
PER,1998,1.288
PHL,1998,1.265
PCN,1998,-0.578
POL,1998,0.952
PRT,1998,1.212
PRI,1998,1.099
QAT,1998,1.238
ROU,1998,0.794
RUS,1998,-0.028
RWA,1998,0.881
SHN,1998,1.237
SPM,1998,0.824
WSM,1998,
SMR,1998,1.173
STP,1998,1.165
SAU,1998,0.97
SEN,1998,1.652
SRB,1998,
SYC,1998,1.02
SLE,1998,1.082
SGP,1998,1.169
SVK,1998,1.039
SVN,1998,1.408
SLB,1998,0.408
SOM,1998,0.854
ZAF,1998,0.846
SSD,1998,
ESP,1998,1.208
LKA,1998,1.296
KNA,1998,0.992
LCA,1998,0.982
VCT,1998,0.987
SDN,1998,
SUR,1998,1.382
SWE,1998,0.581
CHE,1998,1.103
SYR,1998,1.12
TWN,1998,1.121
TJK,1998,0.494
TZA,1998,0.445
THA,1998,1.463
TLS,1998,0.909
TGO,1998,1.095
TKL,1998,
TON,1998,0.323
TTO,1998,0.986
TUN,1998,1.042
TUR,1998,1.003
TKM,1998,0.949
TCA,1998,
TUV,1998,0.112
UGA,1998,0.473
UKR,1998,0.731
ARE,1998,1.16
GBR,1998,0.855
USA,1998,1.268
VIR,1998,0.981
URY,1998,0.168
UZB,1998,0.491
VUT,1998,0.817
VEN,1998,0.853
VNM,1998,1.304
WLF,1998,0.493
PSE,1998,0.775
ESH,1998,1.431
WLD,1998,0.992
YEM,1998,
ZMB,1998,1.017
ZWE,1998,0.932
AFG,1999,1.192
ALB,1999,0.718
DZA,1999,1.527
ASM,1999,0.219
AND,1999,0.964
AGO,1999,0.499
AIA,1999,0.456
ATG,1999,0.439
ARG,1999,0.138
ARM,1999,1.583
ABW,1999,
AUS,1999,0.56
AUT,1999,1.001
AZE,1999,1.239
BHS,1999,0.724
BHR,1999,2.06
BGD,1999,0.877
BRB,1999,0.351
BLR,1999,1.506
BEL,1999,
BLZ,1999,0.34
BEN,1999,0.641
BTN,1999,0.954
BOL,1999,0.461
BIH,1999,0.627
BWA,1999,0.736
BRA,1999,0.602
VGB,1999,0.473
BRN,1999,0.419
BGR,1999,0.717
BFA,1999,0.629
BDI,1999,
CPV,1999,0.881
KHM,1999,0.362
CMR,1999,0.787
CAN,1999,1.699
CYM,1999,0.472
CAF,1999,0.575
TCD,1999,0.596
CHL,1999,0.19
HKG,1999,0.942
MAC,1999,0.942
CHN,1999,1.237
COL,1999,-0.105
COM,1999,0.068
COD,1999,0.368
COG,1999,0.659
COK,1999,0.874
CRI,1999,-0.37
HRV,1999,0.713
CUB,1999,0.718
CYP,1999,1.118
CZE,1999,1.13
DNK,1999,1.335
DJI,1999,0.528
DMA,1999,0.408
DOM,1999,0.743
ECU,1999,0.189
EGY,1999,0.851
SLV,1999,0.339
GNQ,1999,0.547
ERI,1999,0.815
EST,1999,1.509
SWZ,1999,0.352
ETH,1999,0.314
FLK,1999,
FRO,1999,0.509
FJI,1999,0.535
FIN,1999,1.179
FRA,1999,1.167
PYF,1999,0.311
GAB,1999,0.566
GMB,1999,0.957
GEO,1999,1.241
DEU,1999,1.366
GHA,1999,0.625
GIB,1999,0.73
GRC,1999,0.824
GRL,1999,0.503
GRD,1999,0.445
GLP,1999,0.435
GTM,1999,0.661
GUF,1999,0.67
GIN,1999,0.567
GNB,1999,0.978
GUY,1999,0.462
HTI,1999,1.177
VAT,1999,0.822
HND,1999,0.451
HUN,1999,0.626
ISL,1999,0.489
IND,1999,0.448
IDN,1999,0.265
IRN,1999,1.634
IRQ,1999,1.805
IRL,1999,1.062
IMN,1999,1.103
ISR,1999,0.773
ITA,1999,0.92
JAM,1999,0.603
JPN,1999,0.919
JOR,1999,0.925
KAZ,1999,1.361
KEN,1999,0.218
KIR,1999,-0.196
PRK,1999,1.44
KOR,1999,1.069
KWT,1999,2.075
KGZ,1999,1.073
LAO,1999,0.663
LVA,1999,1.545
LBN,1999,1.043
LSO,1999,1.208
LBR,1999,0.747
LBY,1999,1.184
LIE,1999,0.977
LTU,1999,1.494
LUX,1999,
MDG,1999,0.425
MWI,1999,0.163
MYS,1999,0.385
MDV,1999,0.311
MLI,1999,0.414
MLT,1999,1.25
MHL,1999,-0.246
MTQ,1999,0.409
MRT,1999,0.536
MUS,1999,0.399
MYT,1999,0.161
MEX,1999,0.585
FSM,1999,-0.152
MDA,1999,0.912
MCO,1999,0.913
MNG,1999,1.793
MNE,1999,
MSR,1999,0.439
MAR,1999,1.028
MOZ,1999,0.234
MMR,1999,0.927
NAM,1999,0.646
NRU,1999,
NPL,1999,0.715
NLD,1999,1.579
NCL,1999,0.827
NZL,1999,1.006
NIC,1999,0.026
NER,1999,0.709
NGA,1999,0.812
NIU,1999,
NFK,1999,
MKD,1999,0.626
NOR,1999,1.276
OMN,1999,0.823
PAK,1999,0.847
PLW,1999,0.565
PAN,1999,-0.282
PNG,1999,0.306
PRY,1999,0.008
PER,1999,0.31
PHL,1999,0.508
PCN,1999,
POL,1999,1.206
PRT,1999,0.625
PRI,1999,0.557
QAT,1999,1.802
ROU,1999,0.627
RUS,1999,0.42
RWA,1999,
SHN,1999,1.395
SPM,1999,1.738
WSM,1999,0.145
SMR,1999,0.912
STP,1999,0.879
SAU,1999,1.442
SEN,1999,0.666
SRB,1999,
SYC,1999,0.31
SLE,1999,0.846
SGP,1999,0.521
SVK,1999,0.789
SVN,1999,0.912
SLB,1999,-0.006
SOM,1999,0.574
ZAF,1999,1.09
SSD,1999,
ESP,1999,0.837
LKA,1999,0.451
KNA,1999,0.439
LCA,1999,0.415
VCT,1999,0.442
SDN,1999,
SUR,1999,0.554
SWE,1999,1.38
CHE,1999,0.97
SYR,1999,1.239
TWN,1999,0.662
TJK,1999,1.023
TZA,1999,-0.31
THA,1999,0.429
TLS,1999,0.044
TGO,1999,0.587
TKL,1999,
TON,1999,0.24
TTO,1999,0.513
TUN,1999,1.799
TUR,1999,1.232
TKM,1999,1.287
TCA,1999,
TUV,1999,0.31
UGA,1999,-0.062
UKR,1999,1.16
ARE,1999,1.461
GBR,1999,1.127
USA,1999,0.755
VIR,1999,0.486
URY,1999,0.129
UZB,1999,1.304
VUT,1999,1.005
VEN,1999,0.191
VNM,1999,0.788
WLF,1999,0.372
PSE,1999,0.773
ESH,1999,0.999
WLD,1999,0.787
YEM,1999,
ZMB,1999,0.219
ZWE,1999,0.167
AFG,2000,1.039
ALB,2000,1.12
DZA,2000,0.865
ASM,2000,0.685
AND,2000,0.952
AGO,2000,0.248
AIA,2000,0.114
ATG,2000,0.186
ARG,2000,-0.22
ARM,2000,1.124
ABW,2000,
AUS,2000,0.121
AUT,2000,1.788
AZE,2000,1.11
BHS,2000,0.313
BHR,2000,1.15
BGD,2000,0.337
BRB,2000,0.192
BLR,2000,1.942
BEL,2000,1.487
BLZ,2000,0.064
BEN,2000,0.472
BTN,2000,0.126
BOL,2000,0.504
BIH,2000,1.537
BWA,2000,-0.562
BRA,2000,0.552
VGB,2000,0.043
BRN,2000,0.3
BGR,2000,1.202
BFA,2000,0.624
BDI,2000,0.525
CPV,2000,1.125
KHM,2000,0.231
CMR,2000,0.49
CAN,2000,1.292
CYM,2000,
CAF,2000,0.807
TCD,2000,0.377
CHL,2000,-0.277
HKG,2000,0.275
MAC,2000,0.275
CHN,2000,0.579
COL,2000,-0.144
COM,2000,0.071
COD,2000,0.532
COG,2000,0.442
COK,2000,0.539
CRI,2000,-0.185
HRV,2000,1.63
CUB,2000,0.538
CYP,2000,0.671
CZE,2000,1.929
DNK,2000,1.716
DJI,2000,0.943
DMA,2000,0.149
DOM,2000,0.498
ECU,2000,0.215
EGY,2000,0.082
SLV,2000,0.033
GNQ,2000,0.353
ERI,2000,0.549
EST,2000,2.049
SWZ,2000,-0.235
ETH,2000,0.572
FLK,2000,
FRO,2000,0.214
FJI,2000,0.618
FIN,2000,2.046
FRA,2000,1.143
PYF,2000,0.188
GAB,2000,0.293
GMB,2000,1.126
GEO,2000,0.973
DEU,2000,1.762
GHA,2000,0.479
GIB,2000,0.843
GRC,2000,0.697
GRL,2000,0.824
GRD,2000,0.24
GLP,2000,0.136
GTM,2000,0.383
GUF,2000,0.578
GIN,2000,0.686
GNB,2000,1.179
GUY,2000,0.55
HTI,2000,0.825
VAT,2000,1.217
HND,2000,0.13
HUN,2000,1.764
ISL,2000,0.316
IND,2000,0.339
IDN,2000,0.271
IRN,2000,1.188
IRQ,2000,0.87
IRL,2000,0.555
IMN,2000,0.619
ISR,2000,0.157
ITA,2000,1.254
JAM,2000,0.292
JPN,2000,0.6
JOR,2000,0.255
KAZ,2000,1.491
KEN,2000,0.504
KIR,2000,0.071
PRK,2000,0.655
KOR,2000,0.43
KWT,2000,1.177
KGZ,2000,1.09
LAO,2000,0.039
LVA,2000,2.004
LBN,2000,0.502
LSO,2000,0.305
LBR,2000,0.505
LBY,2000,0.237
LIE,2000,1.462
LTU,2000,2.03
LUX,2000,1.648
MDG,2000,0.429
MWI,2000,0.697
MYS,2000,0.361
MDV,2000,0.277
MLI,2000,0.721
MLT,2000,1.067
MHL,2000,-0.132
MTQ,2000,0.14
MRT,2000,1.185
MUS,2000,0.386
MYT,2000,0.156
MEX,2000,0.575
FSM,2000,-0.097
MDA,2000,1.46
MCO,2000,1.097
MNG,2000,1.011
MNE,2000,
MSR,2000,0.186
MAR,2000,0.909
MOZ,2000,0.23
MMR,2000,0.236
NAM,2000,-0.227
NRU,2000,
NPL,2000,0.168
NLD,2000,1.6
NCL,2000,0.345
NZL,2000,0.261
NIC,2000,0.085
NER,2000,0.879
NGA,2000,0.565
NIU,2000,
NFK,2000,0.283
MKD,2000,1.112
NOR,2000,1.446
OMN,2000,0.781
PAK,2000,0.714
PLW,2000,0.546
PAN,2000,-0.046
PNG,2000,0.286
PRY,2000,0.046
PER,2000,0.378
PHL,2000,0.642
PCN,2000,0.361
POL,2000,1.889
PRT,2000,0.658
PRI,2000,0.169
QAT,2000,1.015
ROU,2000,1.343
RUS,2000,1.327
RWA,2000,0.349
SHN,2000,1.483
SPM,2000,1.148
WSM,2000,0.6
SMR,2000,1.426
STP,2000,0.4
SAU,2000,0.712
SEN,2000,0.961
SRB,2000,
SYC,2000,0.419
SLE,2000,
SGP,2000,0.59
SVK,2000,1.65
SVN,2000,1.832
SLB,2000,0.343
SOM,2000,0.617
ZAF,2000,0.27
SSD,2000,
ESP,2000,0.837
LKA,2000,0.582
KNA,2000,0.186
LCA,2000,0.181
VCT,2000,0.236
SDN,2000,
SUR,2000,0.613
SWE,2000,1.739
CHE,2000,1.411
SYR,2000,0.633
TWN,2000,0.335
TJK,2000,0.945
TZA,2000,0.454
THA,2000,0.076
TLS,2000,
TGO,2000,0.54
TKL,2000,
TON,2000,0.393
TTO,2000,0.353
TUN,2000,1.068
TUR,2000,0.516
TKM,2000,1.289
TCA,2000,
TUV,2000,0.418
UGA,2000,0.41
UKR,2000,1.424
ARE,2000,0.835
GBR,2000,0.716
USA,2000,1.0
VIR,2000,0.058
URY,2000,0.402
UZB,2000,1.386
VUT,2000,0.842
VEN,2000,0.082
VNM,2000,0.178
WLF,2000,0.464
PSE,2000,0.15
ESH,2000,0.926
WLD,2000,0.732
YEM,2000,
ZMB,2000,0.113
ZWE,2000,-0.287
AFG,2001,1.355
ALB,2001,1.573
DZA,2001,1.897
ASM,2001,0.962
AND,2001,1.409
AGO,2001,0.326
AIA,2001,0.471
ATG,2001,
ARG,2001,0.392
ARM,2001,1.461
ABW,2001,
AUS,2001,0.304
AUT,2001,1.523
AZE,2001,1.393
BHS,2001,0.248
BHR,2001,1.24
BGD,2001,0.461
BRB,2001,0.395
BLR,2001,1.979
BEL,2001,1.341
BLZ,2001,0.339
BEN,2001,0.55
BTN,2001,0.655
BOL,2001,0.822
BIH,2001,1.549
BWA,2001,-0.055
BRA,2001,0.759
VGB,2001,0.48
BRN,2001,0.432
BGR,2001,1.646
BFA,2001,0.578
BDI,2001,0.436
CPV,2001,1.415
KHM,2001,0.611
CMR,2001,0.284
CAN,2001,1.424
CYM,2001,
CAF,2001,0.518
TCD,2001,0.294
CHL,2001,-0.019
HKG,2001,0.813
MAC,2001,0.813
CHN,2001,1.046
COL,2001,0.344
COM,2001,0.22
COD,2001,0.39
COG,2001,0.373
COK,2001,0.624
CRI,2001,0.454
HRV,2001,1.612
CUB,2001,0.521
CYP,2001,1.218
CZE,2001,1.246
DNK,2001,1.04
DJI,2001,0.893
DMA,2001,0.395
DOM,2001,0.795
ECU,2001,0.428
EGY,2001,0.722
SLV,2001,0.482
GNQ,2001,0.354
ERI,2001,0.484
EST,2001,1.824
SWZ,2001,0.383
ETH,2001,0.732
FLK,2001,
FRO,2001,0.474
FJI,2001,0.656
FIN,2001,1.386
FRA,2001,1.362
PYF,2001,0.362
GAB,2001,0.257
GMB,2001,1.411
GEO,2001,1.288
DEU,2001,1.29
GHA,2001,0.612
GIB,2001,1.299
GRC,2001,1.334
GRL,2001,0.818
GRD,2001,0.466
GLP,2001,0.434
GTM,2001,0.455
GUF,2001,0.652
GIN,2001,0.962
GNB,2001,1.415
GUY,2001,0.691
HTI,2001,0.627
VAT,2001,1.583
HND,2001,0.39
HUN,2001,1.42
ISL,2001,0.623
IND,2001,0.472
IDN,2001,0.515
IRN,2001,1.491
IRQ,2001,1.171
IRL,2001,0.538
IMN,2001,0.51
ISR,2001,0.769
ITA,2001,1.553
JAM,2001,0.549
JPN,2001,0.383
JOR,2001,0.864
KAZ,2001,1.632
KEN,2001,0.59
KIR,2001,0.353
PRK,2001,0.909
KOR,2001,0.898
KWT,2001,1.301
KGZ,2001,1.436
LAO,2001,0.721
LVA,2001,1.814
LBN,2001,1.105
LSO,2001,0.558
LBR,2001,0.691
LBY,2001,1.218
LIE,2001,1.445
LTU,2001,1.809
LUX,2001,1.43
MDG,2001,0.593
MWI,2001,0.587
MYS,2001,0.575
MDV,2001,0.475
MLI,2001,0.641
MLT,2001,1.677
MHL,2001,0.192
MTQ,2001,0.39
MRT,2001,1.342
MUS,2001,0.77
MYT,2001,0.318
MEX,2001,0.495
FSM,2001,0.178
MDA,2001,1.68
MCO,2001,1.378
MNG,2001,1.718
MNE,2001,
MSR,2001,
MAR,2001,1.812
MOZ,2001,0.422
MMR,2001,0.691
NAM,2001,0.182
NRU,2001,
NPL,2001,0.534
NLD,2001,1.274
NCL,2001,0.586
NZL,2001,0.565
NIC,2001,0.47
NER,2001,0.373
NGA,2001,0.249
NIU,2001,
NFK,2001,0.76
MKD,2001,1.621
NOR,2001,0.632
OMN,2001,0.835
PAK,2001,0.803
PLW,2001,
PAN,2001,0.343
PNG,2001,0.449
PRY,2001,0.579
PER,2001,0.444
PHL,2001,0.738
PCN,2001,0.118
POL,2001,1.287
PRT,2001,1.166
PRI,2001,0.651
QAT,2001,1.038
ROU,2001,1.536
RUS,2001,0.823
RWA,2001,0.336
SHN,2001,1.099
SPM,2001,0.573
WSM,2001,0.877
SMR,2001,1.704
STP,2001,0.246
SAU,2001,0.833
SEN,2001,1.176
SRB,2001,
SYC,2001,0.762
SLE,2001,1.258
SGP,2001,0.601
SVK,2001,1.267
SVN,2001,1.761
SLB,2001,
SOM,2001,1.041
ZAF,2001,0.515
SSD,2001,
ESP,2001,1.44
LKA,2001,0.823
KNA,2001,
LCA,2001,0.418
VCT,2001,0.465
SDN,2001,
SUR,2001,0.598
SWE,2001,1.087
CHE,2001,1.44
SYR,2001,1.128
TWN,2001,0.739
TJK,2001,1.458
TZA,2001,0.355
THA,2001,0.68
TLS,2001,
TGO,2001,0.675
TKL,2001,
TON,2001,0.658
TTO,2001,0.504
TUN,2001,2.039
TUR,2001,1.512
TKM,2001,1.515
TCA,2001,
TUV,2001,0.684
UGA,2001,0.341
UKR,2001,1.795
ARE,2001,0.702
GBR,2001,0.626
USA,2001,0.784
VIR,2001,0.508
URY,2001,1.312
UZB,2001,1.552
VUT,2001,0.575
VEN,2001,0.428
VNM,2001,0.716
WLF,2001,0.677
PSE,2001,0.764
ESH,2001,1.345
WLD,2001,0.835
YEM,2001,
ZMB,2001,0.332
ZWE,2001,0.157
AFG,2002,1.361
ALB,2002,0.533
DZA,2002,1.291
ASM,2002,1.211
AND,2002,0.766
AGO,2002,0.759
AIA,2002,0.573
ATG,2002,0.499
ARG,2002,0.259
ARM,2002,1.262
ABW,2002,
AUS,2002,0.687
AUT,2002,1.556
AZE,2002,1.421
BHS,2002,0.969
BHR,2002,1.584
BGD,2002,0.52
BRB,2002,0.372
BLR,2002,1.89
BEL,2002,1.402
BLZ,2002,0.643
BEN,2002,0.74
BTN,2002,0.458
BOL,2002,1.125
BIH,2002,1.163
BWA,2002,0.532
BRA,2002,1.059
VGB,2002,0.647
BRN,2002,0.552
BGR,2002,0.848
BFA,2002,1.075
BDI,2002,0.878
CPV,2002,1.445
KHM,2002,0.669
CMR,2002,0.851
CAN,2002,0.554
CYM,2002,
CAF,2002,0.896
TCD,2002,0.781
CHL,2002,0.046
HKG,2002,0.903
MAC,2002,0.903
CHN,2002,1.141
COL,2002,0.567
COM,2002,0.675
COD,2002,0.842
COG,2002,0.767
COK,2002,0.512
CRI,2002,0.507
HRV,2002,1.276
CUB,2002,0.848
CYP,2002,0.888
CZE,2002,1.549
DNK,2002,1.647
DJI,2002,1.472
DMA,2002,0.522
DOM,2002,0.871
ECU,2002,0.727
EGY,2002,0.838
SLV,2002,0.68
GNQ,2002,0.623
ERI,2002,1.07
EST,2002,1.472
SWZ,2002,0.344
ETH,2002,1.094
FLK,2002,
FRO,2002,1.045
FJI,2002,0.639
FIN,2002,1.19
FRA,2002,1.023
PYF,2002,0.661
GAB,2002,0.647
GMB,2002,1.531
GEO,2002,1.038
DEU,2002,1.488
GHA,2002,0.871
GIB,2002,0.883
GRC,2002,0.465
GRL,2002,1.173
GRD,2002,0.421
GLP,2002,0.544
GTM,2002,0.702
GUF,2002,0.819
GIN,2002,1.308
GNB,2002,1.51
GUY,2002,0.79
HTI,2002,0.854
VAT,2002,0.854
HND,2002,0.804
HUN,2002,1.453
ISL,2002,0.834
IND,2002,0.832
IDN,2002,0.608
IRN,2002,1.666
IRQ,2002,1.048
IRL,2002,0.821
IMN,2002,0.889
ISR,2002,0.647
ITA,2002,0.938
JAM,2002,0.794
JPN,2002,0.599
JOR,2002,0.547
KAZ,2002,2.246
KEN,2002,0.72
KIR,2002,0.454
PRK,2002,0.913
KOR,2002,0.655
KWT,2002,1.631
KGZ,2002,1.425
LAO,2002,0.601
LVA,2002,1.716
LBN,2002,0.792
LSO,2002,0.485
LBR,2002,1.033
LBY,2002,0.825
LIE,2002,1.395
LTU,2002,1.92
LUX,2002,1.391
MDG,2002,0.569
MWI,2002,0.684
MYS,2002,0.674
MDV,2002,0.634
MLI,2002,1.286
MLT,2002,0.934
MHL,2002,0.352
MTQ,2002,0.535
MRT,2002,1.28
MUS,2002,0.674
MYT,2002,0.764
MEX,2002,0.656
FSM,2002,0.067
MDA,2002,1.419
MCO,2002,0.91
MNG,2002,1.815
MNE,2002,
MSR,2002,0.499
MAR,2002,1.199
MOZ,2002,0.503
MMR,2002,0.734
NAM,2002,0.583
NRU,2002,
NPL,2002,0.633
NLD,2002,1.531
NCL,2002,0.584
NZL,2002,0.412
NIC,2002,0.613
NER,2002,0.727
NGA,2002,0.779
NIU,2002,
NFK,2002,0.594
MKD,2002,0.395
NOR,2002,1.404
OMN,2002,0.956
PAK,2002,1.019
PLW,2002,
PAN,2002,0.509
PNG,2002,0.737
PRY,2002,1.073
PER,2002,0.756
PHL,2002,0.64
PCN,2002,0.458
POL,2002,1.701
PRT,2002,0.671
PRI,2002,0.785
QAT,2002,1.506
ROU,2002,1.216
RUS,2002,1.597
RWA,2002,0.653
SHN,2002,1.2
SPM,2002,0.003
WSM,2002,1.125
SMR,2002,1.146
STP,2002,0.617
SAU,2002,1.035
SEN,2002,1.44
SRB,2002,
SYC,2002,0.534
SLE,2002,1.419
SGP,2002,0.796
SVK,2002,1.407
SVN,2002,1.556
SLB,2002,
SOM,2002,1.038
ZAF,2002,0.453
SSD,2002,
ESP,2002,0.842
LKA,2002,0.972
KNA,2002,0.499
LCA,2002,0.477
VCT,2002,0.424
SDN,2002,
SUR,2002,0.935
SWE,2002,1.583
CHE,2002,1.252
SYR,2002,0.833
TWN,2002,0.896
TJK,2002,1.227
TZA,2002,0.584
THA,2002,0.673
TLS,2002,
TGO,2002,0.738
TKL,2002,
TON,2002,0.816
TTO,2002,0.364
TUN,2002,1.303
TUR,2002,0.784
TKM,2002,1.759
TCA,2002,
TUV,2002,0.708
UGA,2002,0.736
UKR,2002,1.54
ARE,2002,1.231
GBR,2002,1.007
USA,2002,0.953
VIR,2002,0.669
URY,2002,0.673
UZB,2002,1.82
VUT,2002,0.554
VEN,2002,0.432
VNM,2002,0.72
WLF,2002,0.784
PSE,2002,0.642
ESH,2002,1.298
WLD,2002,1.015
YEM,2002,
ZMB,2002,0.74
ZWE,2002,0.524
AFG,2003,0.632
ALB,2003,1.016
DZA,2003,1.635
ASM,2003,0.702
AND,2003,1.909
AGO,2003,0.948
AIA,2003,0.689
ATG,2003,0.65
ARG,2003,0.593
ARM,2003,0.155
ABW,2003,0.824
AUS,2003,0.778
AUT,2003,1.487
AZE,2003,-0.162
BHS,2003,1.117
BHR,2003,1.267
BGD,2003,0.373
BRB,2003,0.76
BLR,2003,0.084
BEL,2003,1.532
BLZ,2003,0.881
BEN,2003,0.994
BTN,2003,0.502
BOL,2003,0.901
BIH,2003,1.11
BWA,2003,1.105
BRA,2003,0.975
VGB,2003,0.727
BRN,2003,0.725
BGR,2003,0.173
BFA,2003,1.054
BDI,2003,0.947
CPV,2003,0.956
KHM,2003,0.657
CMR,2003,0.983
CAN,2003,1.257
CYM,2003,
CAF,2003,0.964
TCD,2003,0.835
CHL,2003,0.246
HKG,2003,0.902
MAC,2003,0.902
CHN,2003,0.831
COL,2003,0.621
COM,2003,0.352
COD,2003,0.882
COG,2003,0.868
COK,2003,0.467
CRI,2003,0.724
HRV,2003,1.292
CUB,2003,0.912
CYP,2003,0.648
CZE,2003,1.101
DNK,2003,0.711
DJI,2003,1.312
DMA,2003,0.609
DOM,2003,1.054
ECU,2003,0.756
EGY,2003,0.73
SLV,2003,0.875
GNQ,2003,0.908
ERI,2003,0.647
EST,2003,0.229
SWZ,2003,0.376
ETH,2003,1.109
FLK,2003,
FRO,2003,1.614
FJI,2003,0.539
FIN,2003,0.732
FRA,2003,1.771
PYF,2003,0.565
GAB,2003,0.868
GMB,2003,1.202
GEO,2003,-0.251
DEU,2003,1.259
GHA,2003,1.038
GIB,2003,1.424
GRC,2003,0.409
GRL,2003,2.314
GRD,2003,0.746
GLP,2003,0.678
GTM,2003,0.887
GUF,2003,0.954
GIN,2003,1.235
GNB,2003,1.236
GUY,2003,1.202
HTI,2003,1.163
VAT,2003,1.615
HND,2003,0.763
HUN,2003,0.74
ISL,2003,1.855
IND,2003,0.675
IDN,2003,0.567
IRN,2003,0.883
IRQ,2003,0.848
IRL,2003,1.015
IMN,2003,1.048
ISR,2003,0.477
ITA,2003,1.54
JAM,2003,0.961
JPN,2003,0.293
JOR,2003,0.38
KAZ,2003,0.122
KEN,2003,0.868
KIR,2003,0.537
PRK,2003,1.008
KOR,2003,0.633
KWT,2003,1.584
KGZ,2003,0.452
LAO,2003,0.977
LVA,2003,0.242
LBN,2003,0.604
LSO,2003,0.662
LBR,2003,1.056
LBY,2003,0.859
LIE,2003,1.686
LTU,2003,0.189
LUX,2003,1.694
MDG,2003,0.628
MWI,2003,0.937
MYS,2003,0.693
MDV,2003,0.535
MLI,2003,1.31
MLT,2003,1.353
MHL,2003,0.318
MTQ,2003,0.644
MRT,2003,1.192
MUS,2003,0.961
MYT,2003,0.437
MEX,2003,0.806
FSM,2003,0.085
MDA,2003,-0.224
MCO,2003,1.643
MNG,2003,0.525
MNE,2003,
MSR,2003,0.65
MAR,2003,1.69
MOZ,2003,0.541
MMR,2003,0.719
NAM,2003,1.003
NRU,2003,
NPL,2003,0.397
NLD,2003,1.209
NCL,2003,0.399
NZL,2003,0.23
NIC,2003,0.689
NER,2003,0.988
NGA,2003,0.838
NIU,2003,
NFK,2003,0.225
MKD,2003,0.656
NOR,2003,1.116
OMN,2003,0.951
PAK,2003,0.534
PLW,2003,0.433
PAN,2003,0.687
PNG,2003,0.496
PRY,2003,0.708
PER,2003,0.744
PHL,2003,0.688
PCN,2003,-0.196
POL,2003,0.369
PRT,2003,1.446
PRI,2003,0.913
QAT,2003,1.24
ROU,2003,0.14
RUS,2003,1.002
RWA,2003,0.89
SHN,2003,1.488
SPM,2003,0.208
WSM,2003,0.624
SMR,2003,1.659
STP,2003,0.866
SAU,2003,0.927
SEN,2003,1.148
SRB,2003,
SYC,2003,0.723
SLE,2003,1.298
SGP,2003,0.834
SVK,2003,0.682
SVN,2003,1.482
SLB,2003,0.354
SOM,2003,1.225
ZAF,2003,0.834
SSD,2003,
ESP,2003,1.626
LKA,2003,0.891
KNA,2003,0.65
LCA,2003,0.711
VCT,2003,0.751
SDN,2003,
SUR,2003,0.994
SWE,2003,0.932
CHE,2003,1.845
SYR,2003,0.51
TWN,2003,0.839
TJK,2003,0.619
TZA,2003,0.983
THA,2003,0.803
TLS,2003,0.396
TGO,2003,1.043
TKL,2003,
TON,2003,0.551
TTO,2003,0.678
TUN,2003,1.752
TUR,2003,0.288
TKM,2003,0.042
TCA,2003,
TUV,2003,0.483
UGA,2003,0.793
UKR,2003,-0.269
ARE,2003,1.095
GBR,2003,1.188
USA,2003,0.992
VIR,2003,0.758
URY,2003,0.375
UZB,2003,0.132
VUT,2003,0.342
VEN,2003,0.853
VNM,2003,1.054
WLF,2003,0.582
PSE,2003,0.472
ESH,2003,1.435
WLD,2003,0.895
YEM,2003,
ZMB,2003,0.951
ZWE,2003,0.497
AFG,2004,1.37
ALB,2004,0.453
DZA,2004,1.034
ASM,2004,0.28
AND,2004,0.887
AGO,2004,0.397
AIA,2004,0.374
ATG,2004,0.331
ARG,2004,0.384
ARM,2004,1.17
ABW,2004,0.425
AUS,2004,0.666
AUT,2004,0.857
AZE,2004,1.284
BHS,2004,0.449
BHR,2004,1.389
BGD,2004,0.418
BRB,2004,0.614
BLR,2004,0.934
BEL,2004,1.094
BLZ,2004,0.64
BEN,2004,0.764
BTN,2004,0.478
BOL,2004,1.091
BIH,2004,0.607
BWA,2004,0.277
BRA,2004,0.804
VGB,2004,0.417
BRN,2004,0.562
BGR,2004,0.522
BFA,2004,0.929
BDI,2004,1.061
CPV,2004,0.985
KHM,2004,0.582
CMR,2004,0.912
CAN,2004,0.508
CYM,2004,
CAF,2004,1.255
TCD,2004,0.855
CHL,2004,0.43
HKG,2004,0.67
MAC,2004,0.67
CHN,2004,1.126
COL,2004,0.519
COM,2004,0.276
COD,2004,0.915
COG,2004,0.859
COK,2004,0.493
CRI,2004,0.653
HRV,2004,0.684
CUB,2004,0.653
CYP,2004,0.684
CZE,2004,0.842
DNK,2004,1.04
DJI,2004,1.03
DMA,2004,0.314
DOM,2004,0.641
ECU,2004,0.718
EGY,2004,0.643
SLV,2004,0.747
GNQ,2004,0.756
ERI,2004,1.116
EST,2004,1.179
SWZ,2004,0.233
ETH,2004,0.874
FLK,2004,
FRO,2004,1.029
FJI,2004,0.43
FIN,2004,1.25
FRA,2004,0.945
PYF,2004,0.395
GAB,2004,0.764
GMB,2004,1.228
GEO,2004,0.89
DEU,2004,1.001
GHA,2004,0.794
GIB,2004,1.056
GRC,2004,0.349
GRL,2004,1.454
GRD,2004,0.34
GLP,2004,0.346
GTM,2004,0.62
GUF,2004,0.96
GIN,2004,1.256
GNB,2004,1.306
GUY,2004,0.998
HTI,2004,0.83
VAT,2004,0.601
HND,2004,0.65
HUN,2004,0.582
ISL,2004,1.305
IND,2004,0.563
IDN,2004,0.524
IRN,2004,1.463
IRQ,2004,0.954
IRL,2004,0.887
IMN,2004,0.948
ISR,2004,0.477
ITA,2004,0.769
JAM,2004,0.791
JPN,2004,1.089
JOR,2004,0.5
KAZ,2004,2.159
KEN,2004,0.673
KIR,2004,
PRK,2004,1.656
KOR,2004,1.209
KWT,2004,1.54
KGZ,2004,1.499
LAO,2004,0.401
LVA,2004,1.014
LBN,2004,0.629
LSO,2004,0.707
LBR,2004,0.921
LBY,2004,0.654
LIE,2004,0.921
LTU,2004,0.886
LUX,2004,1.016
MDG,2004,0.384
MWI,2004,0.871
MYS,2004,0.658
MDV,2004,0.404
MLI,2004,1.247
MLT,2004,0.649
MHL,2004,0.458
MTQ,2004,0.355
MRT,2004,1.283
MUS,2004,0.575
MYT,2004,0.343
MEX,2004,0.289
FSM,2004,0.276
MDA,2004,0.703
MCO,2004,0.854
MNG,2004,1.764
MNE,2004,
MSR,2004,0.331
MAR,2004,1.133
MOZ,2004,0.39
MMR,2004,0.673
NAM,2004,0.705
NRU,2004,
NPL,2004,0.456
NLD,2004,1.16
NCL,2004,0.518
NZL,2004,0.025
NIC,2004,0.644
NER,2004,0.723
NGA,2004,0.757
NIU,2004,
NFK,2004,0.474
MKD,2004,0.383
NOR,2004,1.315
OMN,2004,0.891
PAK,2004,0.997
PLW,2004,0.699
PAN,2004,0.443
PNG,2004,0.246
PRY,2004,0.369
PER,2004,0.71
PHL,2004,0.59
PCN,2004,-0.592
POL,2004,0.786
PRT,2004,1.002
PRI,2004,0.452
QAT,2004,1.285
ROU,2004,0.56
RUS,2004,1.409
RWA,2004,0.839
SHN,2004,1.454
SPM,2004,0.634
WSM,2004,0.198
SMR,2004,0.919
STP,2004,0.694
SAU,2004,0.922
SEN,2004,1.129
SRB,2004,
SYC,2004,0.456
SLE,2004,1.585
SGP,2004,0.823
SVK,2004,0.58
SVN,2004,0.785
SLB,2004,0.415
SOM,2004,0.633
ZAF,2004,0.938
SSD,2004,
ESP,2004,1.022
LKA,2004,0.804
KNA,2004,0.331
LCA,2004,0.398
VCT,2004,0.344
SDN,2004,
SUR,2004,0.996
SWE,2004,1.217
CHE,2004,0.973
SYR,2004,0.614
TWN,2004,0.403
TJK,2004,1.262
TZA,2004,0.857
THA,2004,0.549
TLS,2004,0.46
TGO,2004,0.771
TKL,2004,
TON,2004,0.644
TTO,2004,0.316
TUN,2004,0.971
TUR,2004,0.571
TKM,2004,1.643
TCA,2004,
TUV,2004,0.56
UGA,2004,0.71
UKR,2004,0.924
ARE,2004,1.037
GBR,2004,1.03
USA,2004,0.866
VIR,2004,0.42
URY,2004,0.53
UZB,2004,1.912
VUT,2004,0.457
VEN,2004,0.508
VNM,2004,0.413
WLF,2004,0.547
PSE,2004,0.47
ESH,2004,1.585
WLD,2004,0.916
YEM,2004,
ZMB,2004,0.539
ZWE,2004,0.227
AFG,2005,0.477
ALB,2005,0.216
DZA,2005,1.305
ASM,2005,0.959
AND,2005,0.807
AGO,2005,1.084
AIA,2005,0.656
ATG,2005,0.651
ARG,2005,0.171
ARM,2005,0.544
ABW,2005,0.607
AUS,2005,1.137
AUT,2005,0.657
AZE,2005,0.844
BHS,2005,0.514
BHR,2005,1.066
BGD,2005,0.766
BRB,2005,1.056
BLR,2005,1.28
BEL,2005,1.202
BLZ,2005,0.793
BEN,2005,1.147
BTN,2005,0.759
BOL,2005,1.052
BIH,2005,0.152
BWA,2005,1.496
BRA,2005,1.117
VGB,2005,0.66
BRN,2005,0.822
BGR,2005,0.213
BFA,2005,1.517
BDI,2005,
CPV,2005,0.498
KHM,2005,0.72
CMR,2005,1.144
CAN,2005,1.298
CYM,2005,0.668
CAF,2005,1.315
TCD,2005,1.214
CHL,2005,0.08
HKG,2005,0.742
MAC,2005,0.742
CHN,2005,1.066
COL,2005,0.605
COM,2005,0.371
COD,2005,1.081
COG,2005,0.802
COK,2005,0.365
CRI,2005,0.582
HRV,2005,0.31
CUB,2005,0.609
CYP,2005,0.414
CZE,2005,0.771
DNK,2005,1.29
DJI,2005,1.291
DMA,2005,0.638
DOM,2005,0.829
ECU,2005,0.708
EGY,2005,0.517
SLV,2005,0.684
GNQ,2005,0.752
ERI,2005,0.78
EST,2005,1.587
SWZ,2005,0.849
ETH,2005,1.119
FLK,2005,
FRO,2005,0.49
FJI,2005,0.591
FIN,2005,2.22
FRA,2005,0.998
PYF,2005,0.538
GAB,2005,0.719
GMB,2005,1.632
GEO,2005,0.536
DEU,2005,1.028
GHA,2005,1.019
GIB,2005,0.873
GRC,2005,0.222
GRL,2005,1.866
GRD,2005,0.866
GLP,2005,0.648
GTM,2005,0.778
GUF,2005,1.439
GIN,2005,1.37
GNB,2005,1.64
GUY,2005,1.099
HTI,2005,1.004
VAT,2005,0.539
HND,2005,1.127
HUN,2005,0.268
ISL,2005,0.518
IND,2005,0.58
IDN,2005,0.702
IRN,2005,0.807
IRQ,2005,0.404
IRL,2005,1.164
IMN,2005,1.164
ISR,2005,0.115
ITA,2005,0.587
JAM,2005,0.881
JPN,2005,0.706
JOR,2005,-0.02
KAZ,2005,1.561
KEN,2005,0.794
KIR,2005,
PRK,2005,0.947
KOR,2005,0.964
KWT,2005,0.751
KGZ,2005,1.16
LAO,2005,0.878
LVA,2005,1.343
LBN,2005,0.265
LSO,2005,0.75
LBR,2005,1.127
LBY,2005,0.63
LIE,2005,0.69
LTU,2005,1.21
LUX,2005,1.131
MDG,2005,0.634
MWI,2005,1.34
MYS,2005,0.867
MDV,2005,0.859
MLI,2005,1.426
MLT,2005,0.612
MHL,2005,0.335
MTQ,2005,0.669
MRT,2005,1.343
MUS,2005,0.625
MYT,2005,0.483
MEX,2005,0.727
FSM,2005,0.181
MDA,2005,0.874
MCO,2005,0.786
MNG,2005,0.966
MNE,2005,
MSR,2005,0.651
MAR,2005,1.284
MOZ,2005,1.076
MMR,2005,1.004
NAM,2005,1.083
NRU,2005,
NPL,2005,0.789
NLD,2005,1.251
NCL,2005,0.377
NZL,2005,0.433
NIC,2005,0.932
NER,2005,1.37
NGA,2005,1.255
NIU,2005,
NFK,2005,0.506
MKD,2005,0.174
NOR,2005,1.782
OMN,2005,0.937
PAK,2005,0.174
PLW,2005,0.527
PAN,2005,0.574
PNG,2005,0.752
PRY,2005,0.55
PER,2005,0.819
PHL,2005,0.681
PCN,2005,-0.363
POL,2005,0.889
PRT,2005,0.966
PRI,2005,0.704
QAT,2005,0.902
ROU,2005,0.311
RUS,2005,1.718
RWA,2005,
SHN,2005,1.345
SPM,2005,0.971
WSM,2005,0.875
SMR,2005,0.53
STP,2005,0.577
SAU,2005,0.483
SEN,2005,1.381
SRB,2005,
SYC,2005,0.699
SLE,2005,1.603
SGP,2005,1.037
SVK,2005,0.428
SVN,2005,0.535
SLB,2005,0.516
SOM,2005,1.19
ZAF,2005,1.097
SSD,2005,
ESP,2005,0.906
LKA,2005,0.869
KNA,2005,0.651
LCA,2005,0.804
VCT,2005,0.86
SDN,2005,
SUR,2005,1.395
SWE,2005,1.843
CHE,2005,0.809
SYR,2005,0.21
TWN,2005,0.622
TJK,2005,0.778
TZA,2005,1.05
THA,2005,0.887
TLS,2005,1.126
TGO,2005,0.992
TKL,2005,
TON,2005,0.754
TTO,2005,0.982
TUN,2005,1.091
TUR,2005,0.411
TKM,2005,1.288
TCA,2005,
TUV,2005,0.71
UGA,2005,1.354
UKR,2005,1.031
ARE,2005,0.733
GBR,2005,1.114
USA,2005,1.157
VIR,2005,0.667
URY,2005,0.854
UZB,2005,1.356
VUT,2005,0.546
VEN,2005,0.664
VNM,2005,0.861
WLF,2005,0.675
PSE,2005,0.107
ESH,2005,1.214
WLD,2005,1.109
YEM,2005,
ZMB,2005,1.156
ZWE,2005,1.33
AFG,2006,1.754
ALB,2006,0.493
DZA,2006,1.429
ASM,2006,0.561
AND,2006,1.438
AGO,2006,0.455
AIA,2006,0.441
ATG,2006,0.382
ARG,2006,0.508
ARM,2006,1.659
ABW,2006,0.308
AUS,2006,0.653
AUT,2006,0.94
AZE,2006,1.486
BHS,2006,0.448
BHR,2006,1.839
BGD,2006,1.007
BRB,2006,0.765
BLR,2006,0.65
BEL,2006,1.401
BLZ,2006,0.595
BEN,2006,1.08
BTN,2006,0.993
BOL,2006,1.18
BIH,2006,0.633
BWA,2006,-0.239
BRA,2006,0.817
VGB,2006,0.499
BRN,2006,0.472
BGR,2006,0.581
BFA,2006,1.234
BDI,2006,
CPV,2006,0.682
KHM,2006,0.722
CMR,2006,1.125
CAN,2006,2.348
CYM,2006,0.605
CAF,2006,1.186
TCD,2006,1.415
CHL,2006,0.462
HKG,2006,0.926
MAC,2006,0.926
CHN,2006,1.247
COL,2006,0.471
COM,2006,0.177
COD,2006,0.846
COG,2006,0.708
COK,2006,0.564
CRI,2006,0.52
HRV,2006,0.74
CUB,2006,0.742
CYP,2006,0.697
CZE,2006,0.974
DNK,2006,1.356
DJI,2006,0.977
DMA,2006,0.531
DOM,2006,0.839
ECU,2006,0.68
EGY,2006,0.745
SLV,2006,0.652
GNQ,2006,0.576
ERI,2006,0.921
EST,2006,1.239
SWZ,2006,0.05
ETH,2006,0.971
FLK,2006,
FRO,2006,1.137
FJI,2006,0.59
FIN,2006,1.221
FRA,2006,1.28
PYF,2006,0.696
GAB,2006,0.682
GMB,2006,1.367
GEO,2006,1.258
DEU,2006,1.26
GHA,2006,1.039
GIB,2006,1.457
GRC,2006,0.272
GRL,2006,1.707
GRD,2006,0.575
GLP,2006,0.468
GTM,2006,0.567
GUF,2006,0.933
GIN,2006,1.32
GNB,2006,1.428
GUY,2006,0.932
HTI,2006,0.825
VAT,2006,0.718
HND,2006,0.765
HUN,2006,0.723
ISL,2006,1.103
IND,2006,0.643
IDN,2006,0.416
IRN,2006,1.822
IRQ,2006,1.5
IRL,2006,1.148
IMN,2006,1.222
ISR,2006,0.501
ITA,2006,0.865
JAM,2006,0.877
JPN,2006,0.357
JOR,2006,0.628
KAZ,2006,1.446
KEN,2006,0.799
KIR,2006,0.517
PRK,2006,0.786
KOR,2006,0.546
KWT,2006,1.93
KGZ,2006,1.598
LAO,2006,0.834
LVA,2006,1.071
LBN,2006,0.696
LSO,2006,0.023
LBR,2006,1.149
LBY,2006,0.72
LIE,2006,0.987
LTU,2006,0.926
LUX,2006,1.358
MDG,2006,0.806
MWI,2006,1.05
MYS,2006,0.605
MDV,2006,0.402
MLI,2006,1.145
MLT,2006,0.909
MHL,2006,0.257
MTQ,2006,0.567
MRT,2006,1.456
MUS,2006,0.441
MYT,2006,0.262
MEX,2006,0.861
FSM,2006,0.3
MDA,2006,0.284
MCO,2006,1.145
MNG,2006,1.258
MNE,2006,0.508
MSR,2006,0.382
MAR,2006,1.49
MOZ,2006,0.528
MMR,2006,0.893
NAM,2006,-0.175
NRU,2006,
NPL,2006,0.919
NLD,2006,1.505
NCL,2006,0.282
NZL,2006,0.379
NIC,2006,0.636
NER,2006,1.379
NGA,2006,1.283
NIU,2006,
NFK,2006,0.388
MKD,2006,0.445
NOR,2006,1.521
OMN,2006,0.99
PAK,2006,0.955
PLW,2006,0.563
PAN,2006,0.543
PNG,2006,0.323
PRY,2006,0.928
PER,2006,0.786
PHL,2006,0.731
PCN,2006,0.397
POL,2006,0.839
PRT,2006,1.536
PRI,2006,0.642
QAT,2006,1.726
ROU,2006,0.534
RUS,2006,0.57
RWA,2006,
SHN,2006,1.628
SPM,2006,1.867
WSM,2006,0.465
SMR,2006,0.943
STP,2006,0.627
SAU,2006,1.136
SEN,2006,1.412
SRB,2006,0.572
SYC,2006,0.664
SLE,2006,1.554
SGP,2006,0.73
SVK,2006,0.65
SVN,2006,0.923
SLB,2006,0.34
SOM,2006,0.976
ZAF,2006,0.439
SSD,2006,
ESP,2006,1.541
LKA,2006,0.655
KNA,2006,0.382
LCA,2006,0.609
VCT,2006,0.578
SDN,2006,
SUR,2006,1.058
SWE,2006,1.504
CHE,2006,1.094
SYR,2006,0.996
TWN,2006,0.673
TJK,2006,1.448
TZA,2006,0.905
THA,2006,0.685
TLS,2006,0.177
TGO,2006,1.024
TKL,2006,
TON,2006,0.539
TTO,2006,0.499
TUN,2006,1.304
TUR,2006,0.862
TKM,2006,1.683
TCA,2006,
TUV,2006,0.561
UGA,2006,1.028
UKR,2006,0.28
ARE,2006,1.27
GBR,2006,1.244
USA,2006,1.028
VIR,2006,0.52
URY,2006,0.639
UZB,2006,1.549
VUT,2006,0.413
VEN,2006,0.495
VNM,2006,0.912
WLF,2006,0.555
PSE,2006,0.49
ESH,2006,1.503
WLD,2006,1.004
YEM,2006,
ZMB,2006,0.691
ZWE,2006,-0.026
AFG,2007,0.745
ALB,2007,1.487
DZA,2007,1.245
ASM,2007,1.034
AND,2007,0.954
AGO,2007,0.753
AIA,2007,0.699
ATG,2007,0.637
ARG,2007,-0.248
ARM,2007,0.703
ABW,2007,0.756
AUS,2007,0.865
AUT,2007,2.166
AZE,2007,0.938
BHS,2007,0.998
BHR,2007,1.052
BGD,2007,0.472
BRB,2007,0.605
BLR,2007,2.364
BEL,2007,1.883
BLZ,2007,0.797
BEN,2007,0.88
BTN,2007,0.987
BOL,2007,0.787
BIH,2007,1.917
BWA,2007,0.402
BRA,2007,0.98
VGB,2007,0.762
BRN,2007,0.491
BGR,2007,1.895
BFA,2007,0.949
BDI,2007,0.97
CPV,2007,0.148
KHM,2007,0.6
CMR,2007,0.768
CAN,2007,1.332
CYM,2007,0.756
CAF,2007,0.595
TCD,2007,0.63
CHL,2007,-0.354
HKG,2007,1.045
MAC,2007,1.045
CHN,2007,1.553
COL,2007,0.567
COM,2007,0.509
COD,2007,0.762
COG,2007,0.764
COK,2007,0.594
CRI,2007,0.704
HRV,2007,2.006
CUB,2007,0.769
CYP,2007,0.881
CZE,2007,2.19
DNK,2007,2.143
DJI,2007,0.953
DMA,2007,0.65
DOM,2007,1.022
ECU,2007,0.684
EGY,2007,0.623
SLV,2007,0.664
GNQ,2007,0.762
ERI,2007,0.238
EST,2007,2.245
SWZ,2007,0.764
ETH,2007,0.847
FLK,2007,
FRO,2007,0.953
FJI,2007,0.877
FIN,2007,1.965
FRA,2007,1.376
PYF,2007,0.71
GAB,2007,0.853
GMB,2007,1.249
GEO,2007,0.858
DEU,2007,2.093
GHA,2007,1.015
GIB,2007,0.844
GRC,2007,1.084
GRL,2007,1.35
GRD,2007,0.515
GLP,2007,0.673
GTM,2007,0.732
GUF,2007,1.242
GIN,2007,1.184
GNB,2007,1.333
GUY,2007,0.914
HTI,2007,1.024
VAT,2007,1.433
HND,2007,0.932
HUN,2007,2.166
ISL,2007,1.169
IND,2007,0.604
IDN,2007,0.485
IRN,2007,0.857
IRQ,2007,0.854
IRL,2007,1.346
IMN,2007,1.309
ISR,2007,0.433
ITA,2007,1.576
JAM,2007,0.825
JPN,2007,0.97
JOR,2007,0.394
KAZ,2007,2.208
KEN,2007,0.505
KIR,2007,0.563
PRK,2007,1.695
KOR,2007,1.313
KWT,2007,1.113
KGZ,2007,1.692
LAO,2007,0.556
LVA,2007,2.189
LBN,2007,0.693
LSO,2007,0.574
LBR,2007,1.071
LBY,2007,0.842
LIE,2007,1.964
LTU,2007,2.2
LUX,2007,1.943
MDG,2007,0.707
MWI,2007,1.054
MYS,2007,0.652
MDV,2007,0.45
MLI,2007,0.979
MLT,2007,1.314
MHL,2007,0.262
MTQ,2007,0.65
MRT,2007,1.05
MUS,2007,0.77
MYT,2007,0.717
MEX,2007,0.467
FSM,2007,0.163
MDA,2007,2.389
MCO,2007,1.603
MNG,2007,2.767
MNE,2007,1.759
MSR,2007,0.637
MAR,2007,1.032
MOZ,2007,0.66
MMR,2007,0.583
NAM,2007,0.679
NRU,2007,
NPL,2007,0.602
NLD,2007,2.068
NCL,2007,0.683
NZL,2007,0.221
NIC,2007,0.91
NER,2007,1.087
NGA,2007,0.875
NIU,2007,
NFK,2007,0.474
MKD,2007,1.593
NOR,2007,1.711
OMN,2007,0.803
PAK,2007,0.654
PLW,2007,0.655
PAN,2007,0.545
PNG,2007,0.461
PRY,2007,0.277
PER,2007,0.53
PHL,2007,0.825
PCN,2007,-0.028
POL,2007,2.15
PRT,2007,0.759
PRI,2007,0.868
QAT,2007,1.057
ROU,2007,2.14
RUS,2007,2.506
RWA,2007,0.92
SHN,2007,1.045
SPM,2007,0.409
WSM,2007,0.948
SMR,2007,1.903
STP,2007,0.859
SAU,2007,0.642
SEN,2007,1.254
SRB,2007,1.913
SYC,2007,1.031
SLE,2007,1.262
SGP,2007,0.694
SVK,2007,2.169
SVN,2007,2.223
SLB,2007,0.583
SOM,2007,1.058
ZAF,2007,0.821
SSD,2007,
ESP,2007,0.847
LKA,2007,0.654
KNA,2007,0.637
LCA,2007,0.594
VCT,2007,0.521
SDN,2007,
SUR,2007,1.153
SWE,2007,1.952
CHE,2007,1.812
SYR,2007,0.77
TWN,2007,0.739
TJK,2007,1.164
TZA,2007,0.802
THA,2007,0.557
TLS,2007,0.472
TGO,2007,0.926
TKL,2007,
TON,2007,0.81
TTO,2007,0.393
TUN,2007,1.417
TUR,2007,0.953
TKM,2007,1.103
TCA,2007,
TUV,2007,0.656
UGA,2007,0.424
UKR,2007,2.393
ARE,2007,0.848
GBR,2007,1.327
USA,2007,1.147
VIR,2007,0.778
URY,2007,0.19
UZB,2007,1.359
VUT,2007,0.827
VEN,2007,0.549
VNM,2007,0.532
WLF,2007,0.806
PSE,2007,0.426
ESH,2007,1.051
WLD,2007,1.199
YEM,2007,
ZMB,2007,1.041
ZWE,2007,0.366
AFG,2008,0.798
ALB,2008,1.152
DZA,2008,1.215
ASM,2008,0.643
AND,2008,0.858
AGO,2008,0.409
AIA,2008,0.166
ATG,2008,0.085
ARG,2008,0.522
ARM,2008,0.818
ABW,2008,
AUS,2008,0.557
AUT,2008,1.611
AZE,2008,0.89
BHS,2008,0.932
BHR,2008,1.295
BGD,2008,0.26
BRB,2008,0.252
BLR,2008,2.255
BEL,2008,1.257
BLZ,2008,0.523
BEN,2008,0.68
BTN,2008,0.588
BOL,2008,0.663
BIH,2008,1.427
BWA,2008,0.337
BRA,2008,0.72
VGB,2008,0.245
BRN,2008,0.317
BGR,2008,1.189
BFA,2008,0.362
BDI,2008,0.454
CPV,2008,0.629
KHM,2008,0.422
CMR,2008,0.725
CAN,2008,0.856
CYM,2008,0.564
CAF,2008,0.779
TCD,2008,0.474
CHL,2008,0.359
HKG,2008,0.452
MAC,2008,0.452
CHN,2008,1.106
COL,2008,0.249
COM,2008,0.369
COD,2008,0.625
COG,2008,0.727
COK,2008,0.458
CRI,2008,0.245
HRV,2008,1.481
CUB,2008,0.496
CYP,2008,1.101
CZE,2008,1.669
DNK,2008,1.866
DJI,2008,0.389
DMA,2008,0.169
DOM,2008,0.482
ECU,2008,0.542
EGY,2008,0.953
SLV,2008,0.434
GNQ,2008,0.612
ERI,2008,1.075
EST,2008,2.587
SWZ,2008,0.351
ETH,2008,0.756
FLK,2008,
FRO,2008,0.889
FJI,2008,0.469
FIN,2008,2.153
FRA,2008,0.959
PYF,2008,0.208
GAB,2008,0.738
GMB,2008,1.506
GEO,2008,0.628
DEU,2008,1.545
GHA,2008,0.767
GIB,2008,0.978
GRC,2008,0.88
GRL,2008,0.941
GRD,2008,0.383
GLP,2008,0.157
GTM,2008,0.417
GUF,2008,0.991
GIN,2008,1.311
GNB,2008,1.626
GUY,2008,0.731
HTI,2008,0.663
VAT,2008,1.077
HND,2008,0.709
HUN,2008,1.518
ISL,2008,0.821
IND,2008,0.248
IDN,2008,0.278
IRN,2008,1.135
IRQ,2008,1.033
IRL,2008,0.846
IMN,2008,0.812
ISR,2008,0.637
ITA,2008,1.149
JAM,2008,0.438
JPN,2008,0.642
JOR,2008,0.582
KAZ,2008,1.569
KEN,2008,0.685
KIR,2008,0.327
PRK,2008,1.602
KOR,2008,1.005
KWT,2008,1.431
KGZ,2008,0.989
LAO,2008,0.244
LVA,2008,2.388
LBN,2008,0.957
LSO,2008,0.31
LBR,2008,1.226
LBY,2008,0.87
LIE,2008,1.421
LTU,2008,2.225
LUX,2008,1.28
MDG,2008,0.527
MWI,2008,0.482
MYS,2008,0.534
MDV,2008,0.225
MLI,2008,0.585
MLT,2008,1.148
MHL,2008,0.014
MTQ,2008,0.201
MRT,2008,1.332
MUS,2008,0.57
MYT,2008,0.532
MEX,2008,0.524
FSM,2008,-0.076
MDA,2008,1.546
MCO,2008,1.054
MNG,2008,1.8
MNE,2008,1.324
MSR,2008,0.085
MAR,2008,1.18
MOZ,2008,0.263
MMR,2008,0.586
NAM,2008,0.653
NRU,2008,
NPL,2008,0.387
NLD,2008,1.425
NCL,2008,0.608
NZL,2008,0.545
NIC,2008,0.596
NER,2008,0.529
NGA,2008,0.631
NIU,2008,
NFK,2008,0.363
MKD,2008,1.21
NOR,2008,1.637
OMN,2008,0.697
PAK,2008,0.339
PLW,2008,
PAN,2008,0.254
PNG,2008,0.405
PRY,2008,0.29
PER,2008,0.578
PHL,2008,0.509
PCN,2008,-0.109
POL,2008,1.756
PRT,2008,0.637
PRI,2008,0.319
QAT,2008,1.229
ROU,2008,1.35
RUS,2008,2.238
RWA,2008,0.5
SHN,2008,1.123
SPM,2008,0.472
WSM,2008,0.501
SMR,2008,1.348
STP,2008,0.573
SAU,2008,0.845
SEN,2008,1.319
SRB,2008,1.361
SYC,2008,0.706
SLE,2008,1.741
SGP,2008,0.571
SVK,2008,1.542
SVN,2008,1.63
SLB,2008,
SOM,2008,0.673
ZAF,2008,0.726
SSD,2008,
ESP,2008,0.873
LKA,2008,0.541
KNA,2008,0.085
LCA,2008,0.29
VCT,2008,0.387
SDN,2008,
SUR,2008,1.224
SWE,2008,1.977
CHE,2008,1.204
SYR,2008,1.005
TWN,2008,0.528
TJK,2008,0.893
TZA,2008,0.509
THA,2008,0.416
TLS,2008,0.21
TGO,2008,0.772
TKL,2008,
TON,2008,0.281
TTO,2008,0.319
TUN,2008,1.405
TUR,2008,0.813
TKM,2008,0.73
TCA,2008,
TUV,2008,0.278
UGA,2008,0.603
UKR,2008,1.634
ARE,2008,0.819
GBR,2008,0.832
USA,2008,0.215
VIR,2008,0.256
URY,2008,0.795
UZB,2008,0.691
VUT,2008,0.739
VEN,2008,0.384
VNM,2008,0.226
WLF,2008,0.292
PSE,2008,0.629
ESH,2008,1.496
WLD,2008,0.937
YEM,2008,
ZMB,2008,0.486
ZWE,2008,0.322
AFG,2009,0.982
ALB,2009,1.016
DZA,2009,0.978
ASM,2009,
AND,2009,1.325
AGO,2009,0.64
AIA,2009,0.421
ATG,2009,0.322
ARG,2009,0.735
ARM,2009,0.62
ABW,2009,
AUS,2009,0.96
AUT,2009,1.572
AZE,2009,0.755
BHS,2009,0.519
BHR,2009,1.182
BGD,2009,1.037
BRB,2009,0.374
BLR,2009,1.602
BEL,2009,1.16
BLZ,2009,0.863
BEN,2009,0.996
BTN,2009,1.424
BOL,2009,0.991
BIH,2009,1.436
BWA,2009,-0.118
BRA,2009,0.941
VGB,2009,0.521
BRN,2009,0.704
BGR,2009,1.302
BFA,2009,0.989
BDI,2009,
CPV,2009,0.463
KHM,2009,0.4
CMR,2009,1.203
CAN,2009,0.54
CYM,2009,0.466
CAF,2009,1.296
TCD,2009,1.294
CHL,2009,0.371
HKG,2009,0.974
MAC,2009,0.974
CHN,2009,1.354
COL,2009,0.723
COM,2009,0.74
COD,2009,0.877
COG,2009,0.783
COK,2009,0.312
CRI,2009,0.905
HRV,2009,1.524
CUB,2009,0.842
CYP,2009,1.055
CZE,2009,1.449
DNK,2009,1.333
DJI,2009,1.58
DMA,2009,0.367
DOM,2009,0.622
ECU,2009,0.795
EGY,2009,0.954
SLV,2009,0.998
GNQ,2009,0.703
ERI,2009,1.736
EST,2009,1.595
SWZ,2009,0.161
ETH,2009,1.336
FLK,2009,
FRO,2009,1.441
FJI,2009,0.239
FIN,2009,1.709
FRA,2009,1.174
PYF,2009,0.653
GAB,2009,0.744
GMB,2009,0.873
GEO,2009,0.616
DEU,2009,1.284
GHA,2009,0.941
GIB,2009,1.27
GRC,2009,0.765
GRL,2009,0.832
GRD,2009,0.403
GLP,2009,0.389
GTM,2009,1.021
GUF,2009,1.376
GIN,2009,1.139
GNB,2009,1.165
GUY,2009,1.249
HTI,2009,0.779
VAT,2009,1.141
HND,2009,0.948
HUN,2009,1.637
ISL,2009,0.98
IND,2009,1.118
IDN,2009,0.586
IRN,2009,1.166
IRQ,2009,0.72
IRL,2009,0.814
IMN,2009,0.857
ISR,2009,0.733
ITA,2009,1.24
JAM,2009,0.703
JPN,2009,0.778
JOR,2009,0.427
KAZ,2009,1.204
KEN,2009,1.289
KIR,2009,0.669
PRK,2009,1.148
KOR,2009,1.004
KWT,2009,1.258
KGZ,2009,0.976
LAO,2009,0.612
LVA,2009,1.502
LBN,2009,0.829
LSO,2009,0.316
LBR,2009,1.418
LBY,2009,0.756
LIE,2009,1.435
LTU,2009,1.394
LUX,2009,1.185
MDG,2009,0.919
MWI,2009,0.696
MYS,2009,0.754
MDV,2009,0.556
MLI,2009,1.038
MLT,2009,0.884
MHL,2009,0.217
MTQ,2009,0.391
MRT,2009,0.971
MUS,2009,1.193
MYT,2009,0.891
MEX,2009,1.039
FSM,2009,0.234
MDA,2009,1.78
MCO,2009,1.428
MNG,2009,1.434
MNE,2009,1.269
MSR,2009,0.322
MAR,2009,1.274
MOZ,2009,0.487
MMR,2009,1.028
NAM,2009,0.418
NRU,2009,
NPL,2009,1.252
NLD,2009,1.219
NCL,2009,0.395
NZL,2009,0.02
NIC,2009,0.874
NER,2009,1.618
NGA,2009,1.369
NIU,2009,
NFK,2009,
MKD,2009,1.072
NOR,2009,1.41
OMN,2009,0.902
PAK,2009,1.025
PLW,2009,0.629
PAN,2009,0.774
PNG,2009,0.405
PRY,2009,0.898
PER,2009,0.828
PHL,2009,0.665
PCN,2009,-0.273
POL,2009,1.274
PRT,2009,1.407
PRI,2009,0.55
QAT,2009,1.175
ROU,2009,1.631
RUS,2009,1.202
RWA,2009,
SHN,2009,1.692
SPM,2009,0.718
WSM,2009,
SMR,2009,1.462
STP,2009,0.703
SAU,2009,0.936
SEN,2009,0.744
SRB,2009,1.386
SYC,2009,1.048
SLE,2009,1.393
SGP,2009,1.022
SVK,2009,1.511
SVN,2009,1.687
SLB,2009,0.05
SOM,2009,1.404
ZAF,2009,0.801
SSD,2009,
ESP,2009,1.36
LKA,2009,0.649
KNA,2009,0.322
LCA,2009,0.4
VCT,2009,0.4
SDN,2009,
SUR,2009,1.562
SWE,2009,1.45
CHE,2009,1.378
SYR,2009,0.641
TWN,2009,0.713
TJK,2009,0.765
TZA,2009,0.944
THA,2009,0.524
TLS,2009,0.608
TGO,2009,0.937
TKL,2009,
TON,2009,0.346
TTO,2009,0.503
TUN,2009,0.894
TUR,2009,0.649
TKM,2009,1.081
TCA,2009,
TUV,2009,0.569
UGA,2009,1.178
UKR,2009,1.622
ARE,2009,0.926
GBR,2009,0.945
USA,2009,0.399
VIR,2009,0.527
URY,2009,0.591
UZB,2009,1.057
VUT,2009,0.453
VEN,2009,0.675
VNM,2009,0.701
WLF,2009,0.306
PSE,2009,0.733
ESH,2009,1.039
WLD,2009,0.961
YEM,2009,
ZMB,2009,0.524
ZWE,2009,-0.076
AFG,2010,1.695
ALB,2010,1.145
DZA,2010,2.291
ASM,2010,1.163
AND,2010,0.373
AGO,2010,1.16
AIA,2010,0.931
ATG,2010,0.961
ARG,2010,0.042
ARM,2010,2.611
ABW,2010,1.096
AUS,2010,0.619
AUT,2010,0.684
AZE,2010,2.292
BHS,2010,0.408
BHR,2010,2.141
BGD,2010,1.005
BRB,2010,1.101
BLR,2010,1.456
BEL,2010,0.231
BLZ,2010,0.777
BEN,2010,1.284
BTN,2010,1.196
BOL,2010,0.986
BIH,2010,1.011
BWA,2010,1.164
BRA,2010,1.107
VGB,2010,0.901
BRN,2010,0.797
BGR,2010,1.378
BFA,2010,1.321
BDI,2010,
CPV,2010,1.948
KHM,2010,1.172
CMR,2010,1.278
CAN,2010,2.915
CYM,2010,0.669
CAF,2010,1.296
TCD,2010,1.285
CHL,2010,-0.117
HKG,2010,0.435
MAC,2010,0.435
CHN,2010,0.984
COL,2010,0.885
COM,2010,0.982
COD,2010,1.293
COG,2010,1.219
COK,2010,0.732
CRI,2010,0.968
HRV,2010,0.889
CUB,2010,0.53
CYP,2010,2.069
CZE,2010,0.438
DNK,2010,-0.185
DJI,2010,1.113
DMA,2010,1.033
DOM,2010,1.144
ECU,2010,0.652
EGY,2010,2.348
SLV,2010,0.659
GNQ,2010,0.915
ERI,2010,1.615
EST,2010,0.521
SWZ,2010,0.967
ETH,2010,1.259
FLK,2010,
FRO,2010,0.257
FJI,2010,0.782
FIN,2010,0.255
FRA,2010,0.353
PYF,2010,0.617
GAB,2010,0.959
GMB,2010,1.48
GEO,2010,2.344
DEU,2010,0.196
GHA,2010,1.322
GIB,2010,1.341
GRC,2010,1.567
GRL,2010,3.039
GRD,2010,1.132
GLP,2010,0.974
GTM,2010,0.715
GUF,2010,1.583
GIN,2010,1.543
GNB,2010,1.643
GUY,2010,1.153
HTI,2010,1.028
VAT,2010,0.861
HND,2010,0.928
HUN,2010,0.831
ISL,2010,1.233
IND,2010,1.101
IDN,2010,0.797
IRN,2010,2.2
IRQ,2010,2.536
IRL,2010,-0.092
IMN,2010,-0.123
ISR,2010,2.226
ITA,2010,0.745
JAM,2010,1.225
JPN,2010,0.899
JOR,2010,2.484
KAZ,2010,1.306
KEN,2010,1.104
KIR,2010,0.618
PRK,2010,0.456
KOR,2010,0.558
KWT,2010,2.546
KGZ,2010,1.321
LAO,2010,1.322
LVA,2010,0.676
LBN,2010,2.308
LSO,2010,1.06
LBR,2010,1.447
LBY,2010,2.068
LIE,2010,0.507
LTU,2010,0.756
LUX,2010,0.321
MDG,2010,1.198
MWI,2010,0.966
MYS,2010,0.977
MDV,2010,0.683
MLI,2010,1.723
MLT,2010,1.073
MHL,2010,0.383
MTQ,2010,1.031
MRT,2010,2.021
MUS,2010,1.347
MYT,2010,1.135
MEX,2010,0.237
FSM,2010,0.367
MDA,2010,1.324
MCO,2010,0.408
MNG,2010,0.344
MNE,2010,1.206
MSR,2010,0.961
MAR,2010,2.145
MOZ,2010,0.895
MMR,2010,1.326
NAM,2010,1.171
NRU,2010,
NPL,2010,1.282
NLD,2010,0.094
NCL,2010,0.788
NZL,2010,0.56
NIC,2010,0.901
NER,2010,1.794
NGA,2010,1.492
NIU,2010,
NFK,2010,
MKD,2010,1.374
NOR,2010,-0.325
OMN,2010,1.282
PAK,2010,1.28
PLW,2010,0.572
PAN,2010,0.859
PNG,2010,1.054
PRY,2010,0.358
PER,2010,0.996
PHL,2010,0.969
PCN,2010,-0.078
POL,2010,0.403
PRT,2010,1.13
PRI,2010,1.036
QAT,2010,2.017
ROU,2010,1.181
RUS,2010,0.89
RWA,2010,
SHN,2010,1.159
SPM,2010,1.335
WSM,2010,1.018
SMR,2010,0.788
STP,2010,0.86
SAU,2010,2.058
SEN,2010,1.469
SRB,2010,1.188
SYC,2010,1.263
SLE,2010,1.827
SGP,2010,1.256
SVK,2010,0.703
SVN,2010,0.827
SLB,2010,0.294
SOM,2010,1.154
ZAF,2010,1.226
SSD,2010,
ESP,2010,0.912
LKA,2010,1.01
KNA,2010,0.961
LCA,2010,1.078
VCT,2010,1.13
SDN,2010,
SUR,2010,1.627
SWE,2010,-0.263
CHE,2010,0.459
SYR,2010,2.441
TWN,2010,0.455
TJK,2010,1.292
TZA,2010,1.111
THA,2010,1.316
TLS,2010,0.845
TGO,2010,1.316
TKL,2010,
TON,2010,0.889
TTO,2010,1.221
TUN,2010,1.795
TUR,2010,2.342
TKM,2010,1.906
TCA,2010,
TUV,2010,0.83
UGA,2010,1.227
UKR,2010,1.661
ARE,2010,1.581
GBR,2010,-0.063
USA,2010,0.694
VIR,2010,0.924
URY,2010,0.344
UZB,2010,1.776
VUT,2010,0.866
VEN,2010,1.058
VNM,2010,1.115
WLF,2010,0.859
PSE,2010,2.225
ESH,2010,1.91
WLD,2010,1.22
YEM,2010,
ZMB,2010,1.448
ZWE,2010,1.072
AFG,2011,1.463
ALB,2011,1.133
DZA,2011,1.427
ASM,2011,0.711
AND,2011,1.586
AGO,2011,0.828
AIA,2011,0.327
ATG,2011,0.382
ARG,2011,0.29
ARM,2011,0.591
ABW,2011,0.32
AUS,2011,0.148
AUT,2011,1.398
AZE,2011,0.733
BHS,2011,0.487
BHR,2011,1.355
BGD,2011,0.292
BRB,2011,0.648
BLR,2011,1.008
BEL,2011,1.285
BLZ,2011,0.655
BEN,2011,0.993
BTN,2011,0.52
BOL,2011,1.46
BIH,2011,1.169
BWA,2011,0.218
BRA,2011,0.812
VGB,2011,0.271
BRN,2011,0.429
BGR,2011,0.436
BFA,2011,1.058
BDI,2011,0.68
CPV,2011,1.053
KHM,2011,0.375
CMR,2011,0.719
CAN,2011,1.449
CYM,2011,0.355
CAF,2011,0.868
TCD,2011,1.03
CHL,2011,0.074
HKG,2011,0.408
MAC,2011,0.408
CHN,2011,0.811
COL,2011,0.31
COM,2011,0.618
COD,2011,0.756
COG,2011,0.595
COK,2011,0.58
CRI,2011,0.471
HRV,2011,1.283
CUB,2011,0.394
CYP,2011,0.758
CZE,2011,1.067
DNK,2011,0.693
DJI,2011,0.984
DMA,2011,0.425
DOM,2011,0.469
ECU,2011,0.542
EGY,2011,0.653
SLV,2011,0.663
GNQ,2011,0.585
ERI,2011,1.421
EST,2011,1.276
SWZ,2011,0.839
ETH,2011,1.137
FLK,2011,
FRO,2011,1.053
FJI,2011,0.766
FIN,2011,1.369
FRA,2011,1.492
PYF,2011,0.072
GAB,2011,0.529
GMB,2011,1.228
GEO,2011,0.349
DEU,2011,1.12
GHA,2011,0.929
GIB,2011,1.679
GRC,2011,0.389
GRL,2011,1.672
GRD,2011,0.645
GLP,2011,0.371
GTM,2011,0.701
GUF,2011,1.158
GIN,2011,1.265
GNB,2011,1.413
GUY,2011,0.809
HTI,2011,0.436
VAT,2011,1.117
HND,2011,0.843
HUN,2011,0.915
ISL,2011,1.041
IND,2011,0.323
IDN,2011,0.349
IRN,2011,1.335
IRQ,2011,0.749
IRL,2011,0.574
IMN,2011,0.672
ISR,2011,0.473
ITA,2011,1.242
JAM,2011,0.476
JPN,2011,0.578
JOR,2011,0.362
KAZ,2011,0.74
KEN,2011,1.05
KIR,2011,0.634
PRK,2011,0.596
KOR,2011,0.372
KWT,2011,1.329
KGZ,2011,1.194
LAO,2011,0.092
LVA,2011,1.123
LBN,2011,0.609
LSO,2011,0.185
LBR,2011,1.119
LBY,2011,0.752
LIE,2011,1.677
LTU,2011,0.949
LUX,2011,1.338
MDG,2011,1.166
MWI,2011,0.629
MYS,2011,0.603
MDV,2011,0.538
MLI,2011,1.296
MLT,2011,0.831
MHL,2011,0.198
MTQ,2011,0.446
MRT,2011,1.661
MUS,2011,1.178
MYT,2011,0.877
MEX,2011,0.978
FSM,2011,0.153
MDA,2011,0.441
MCO,2011,1.358
MNG,2011,0.796
MNE,2011,1.022
MSR,2011,0.382
MAR,2011,1.835
MOZ,2011,0.728
MMR,2011,0.651
NAM,2011,-0.499
NRU,2011,
NPL,2011,0.374
NLD,2011,1.061
NCL,2011,0.634
NZL,2011,0.635
NIC,2011,0.665
NER,2011,1.218
NGA,2011,0.9
NIU,2011,
NFK,2011,0.901
MKD,2011,0.789
NOR,2011,1.421
OMN,2011,1.059
PAK,2011,0.84
PLW,2011,0.567
PAN,2011,0.454
PNG,2011,0.423
PRY,2011,0.647
PER,2011,0.764
PHL,2011,0.545
PCN,2011,
POL,2011,0.764
PRT,2011,1.619
PRI,2011,0.449
QAT,2011,1.505
ROU,2011,0.503
RUS,2011,1.714
RWA,2011,0.694
SHN,2011,1.471
SPM,2011,1.167
WSM,2011,0.542
SMR,2011,1.367
STP,2011,0.552
SAU,2011,0.777
SEN,2011,1.211
SRB,2011,0.764
SYC,2011,1.178
SLE,2011,1.471
SGP,2011,0.842
SVK,2011,0.856
SVN,2011,1.409
SLB,2011,0.089
SOM,2011,1.2
ZAF,2011,0.556
SSD,2011,1.399
ESP,2011,1.623
LKA,2011,0.689
KNA,2011,0.382
LCA,2011,0.558
VCT,2011,0.652
SDN,2011,0.989
SUR,2011,1.172
SWE,2011,1.292
CHE,2011,1.666
SYR,2011,0.624
TWN,2011,-0.02
TJK,2011,1.417
TZA,2011,0.837
THA,2011,0.281
TLS,2011,-0.067
TGO,2011,0.923
TKL,2011,
TON,2011,0.616
TTO,2011,0.55
TUN,2011,1.068
TUR,2011,0.365
TKM,2011,1.096
TCA,2011,
TUV,2011,0.708
UGA,2011,0.844
UKR,2011,0.587
ARE,2011,1.251
GBR,2011,0.84
USA,2011,0.539
VIR,2011,0.305
URY,2011,0.528
UZB,2011,1.038
VUT,2011,0.705
VEN,2011,0.407
VNM,2011,0.145
WLF,2011,0.718
PSE,2011,0.47
ESH,2011,1.593
WLD,2011,0.925
YEM,2011,
ZMB,2011,0.942
ZWE,2011,0.609
AFG,2012,0.283
ALB,2012,1.577
DZA,2012,1.184
ASM,2012,0.732
AND,2012,1.179
AGO,2012,0.528
AIA,2012,0.492
ATG,2012,0.484
ARG,2012,0.713
ARM,2012,1.212
ABW,2012,0.414
AUS,2012,0.24
AUT,2012,1.81
AZE,2012,1.425
BHS,2012,0.496
BHR,2012,1.299
BGD,2012,0.485
BRB,2012,0.48
BLR,2012,1.546
BEL,2012,1.131
BLZ,2012,0.574
BEN,2012,0.64
BTN,2012,0.381
BOL,2012,1.152
BIH,2012,1.809
BWA,2012,0.816
BRA,2012,1.052
VGB,2012,0.5
BRN,2012,0.686
BGR,2012,1.692
BFA,2012,0.545
BDI,2012,
CPV,2012,0.513
KHM,2012,0.873
CMR,2012,0.549
CAN,2012,2.155
CYM,2012,0.422
CAF,2012,0.635
TCD,2012,0.629
CHL,2012,0.571
HKG,2012,0.592
MAC,2012,0.592
CHN,2012,0.646
COL,2012,0.494
COM,2012,0.581
COD,2012,0.616
COG,2012,0.606
COK,2012,0.301
CRI,2012,0.264
HRV,2012,1.872
CUB,2012,0.455
CYP,2012,1.008
CZE,2012,1.608
DNK,2012,1.15
DJI,2012,
DMA,2012,0.526
DOM,2012,0.713
ECU,2012,0.554
EGY,2012,0.952
SLV,2012,0.769
GNQ,2012,0.514
ERI,2012,1.437
EST,2012,1.449
SWZ,2012,0.341
ETH,2012,1.059
FLK,2012,
FRO,2012,0.359
FJI,2012,0.458
FIN,2012,1.559
FRA,2012,1.178
PYF,2012,0.579
GAB,2012,0.511
GMB,2012,1.095
GEO,2012,1.167
DEU,2012,1.35
GHA,2012,0.657
GIB,2012,0.992
GRC,2012,1.23
GRL,2012,1.612
GRD,2012,0.489
GLP,2012,0.504
GTM,2012,0.512
GUF,2012,1.162
GIN,2012,0.722
GNB,2012,1.179
GUY,2012,0.902
HTI,2012,0.742
VAT,2012,1.61
HND,2012,0.752
HUN,2012,1.755
ISL,2012,0.763
IND,2012,0.451
IDN,2012,0.443
IRN,2012,1.09
IRQ,2012,1.145
IRL,2012,0.727
IMN,2012,0.611
ISR,2012,0.926
ITA,2012,1.54
JAM,2012,0.603
JPN,2012,0.369
JOR,2012,0.922
KAZ,2012,1.15
KEN,2012,0.945
KIR,2012,0.734
PRK,2012,0.495
KOR,2012,0.45
KWT,2012,1.538
KGZ,2012,0.276
LAO,2012,0.92
LVA,2012,1.378
LBN,2012,0.977
LSO,2012,0.559
LBR,2012,0.894
LBY,2012,0.677
LIE,2012,1.635
LTU,2012,1.357
LUX,2012,1.26
MDG,2012,0.841
MWI,2012,0.865
MYS,2012,0.773
MDV,2012,0.526
MLI,2012,0.438
MLT,2012,1.289
MHL,2012,0.55
MTQ,2012,0.538
MRT,2012,0.829
MUS,2012,0.954
MYT,2012,0.782
MEX,2012,0.864
FSM,2012,0.415
MDA,2012,2.039
MCO,2012,1.351
MNG,2012,0.275
MNE,2012,1.695
MSR,2012,0.484
MAR,2012,1.445
MOZ,2012,0.647
MMR,2012,1.044
NAM,2012,-0.115
NRU,2012,
NPL,2012,0.526
NLD,2012,1.141
NCL,2012,0.484
NZL,2012,0.088
NIC,2012,0.628
NER,2012,0.845
NGA,2012,0.577
NIU,2012,
NFK,2012,0.431
MKD,2012,1.503
NOR,2012,1.075
OMN,2012,0.991
PAK,2012,0.276
PLW,2012,
PAN,2012,0.386
PNG,2012,0.313
PRY,2012,0.889
PER,2012,0.853
PHL,2012,0.828
PCN,2012,
POL,2012,1.379
PRT,2012,0.791
PRI,2012,0.685
QAT,2012,1.435
ROU,2012,1.83
RUS,2012,1.941
RWA,2012,
SHN,2012,1.279
SPM,2012,2.017
WSM,2012,0.647
SMR,2012,1.788
STP,2012,0.621
SAU,2012,1.162
SEN,2012,0.875
SRB,2012,1.719
SYC,2012,1.12
SLE,2012,0.83
SGP,2012,1.177
SVK,2012,1.587
SVN,2012,1.987
SLB,2012,0.038
SOM,2012,1.139
ZAF,2012,0.657
SSD,2012,1.318
ESP,2012,1.067
LKA,2012,0.881
KNA,2012,0.484
LCA,2012,0.516
VCT,2012,0.49
SDN,2012,1.144
SUR,2012,1.271
SWE,2012,1.334
CHE,2012,1.509
SYR,2012,1.01
TWN,2012,0.261
TJK,2012,-0.048
TZA,2012,0.945
THA,2012,0.934
TLS,2012,
TGO,2012,0.628
TKL,2012,
TON,2012,0.681
TTO,2012,0.508
TUN,2012,1.626
TUR,2012,0.94
TKM,2012,0.804
TCA,2012,
TUV,2012,0.514
UGA,2012,0.914
UKR,2012,1.956
ARE,2012,1.179
GBR,2012,0.571
USA,2012,1.451
VIR,2012,0.535
URY,2012,0.933
UZB,2012,0.668
VUT,2012,0.394
VEN,2012,0.331
VNM,2012,0.77
WLF,2012,0.634
PSE,2012,0.927
ESH,2012,1.4
WLD,2012,1.081
YEM,2012,
ZMB,2012,1.024
ZWE,2012,0.72
AFG,2013,1.325
ALB,2013,1.431
DZA,2013,1.211
ASM,2013,1.016
AND,2013,0.748
AGO,2013,0.97
AIA,2013,0.587
ATG,2013,0.556
ARG,2013,0.37
ARM,2013,1.367
ABW,2013,0.951
AUS,2013,1.436
AUT,2013,1.122
AZE,2013,1.514
BHS,2013,0.721
BHR,2013,1.418
BGD,2013,0.377
BRB,2013,0.76
BLR,2013,1.193
BEL,2013,0.465
BLZ,2013,0.714
BEN,2013,0.91
BTN,2013,0.691
BOL,2013,0.919
BIH,2013,1.371
BWA,2013,0.923
BRA,2013,0.963
VGB,2013,0.618
BRN,2013,0.885
BGR,2013,1.491
BFA,2013,0.903
BDI,2013,
CPV,2013,0.943
KHM,2013,1.014
CMR,2013,0.785
CAN,2013,1.187
CYM,2013,0.579
CAF,2013,0.889
TCD,2013,1.063
CHL,2013,0.346
HKG,2013,0.901
MAC,2013,0.901
CHN,2013,1.105
COL,2013,0.652
COM,2013,0.526
COD,2013,0.912
COG,2013,0.782
COK,2013,0.508
CRI,2013,0.712
HRV,2013,1.294
CUB,2013,0.701
CYP,2013,1.279
CZE,2013,0.806
DNK,2013,0.408
DJI,2013,1.293
DMA,2013,0.519
DOM,2013,0.973
ECU,2013,0.335
EGY,2013,1.069
SLV,2013,0.754
GNQ,2013,0.724
ERI,2013,1.172
EST,2013,1.155
SWZ,2013,0.273
ETH,2013,1.208
FLK,2013,
FRO,2013,0.594
FJI,2013,0.848
FIN,2013,1.439
FRA,2013,0.671
PYF,2013,0.392
GAB,2013,0.81
GMB,2013,1.202
GEO,2013,1.339
DEU,2013,0.584
GHA,2013,0.89
GIB,2013,0.913
GRC,2013,1.329
GRL,2013,1.363
GRD,2013,0.595
GLP,2013,0.558
GTM,2013,0.684
GUF,2013,1.404
GIN,2013,1.305
GNB,2013,1.458
GUY,2013,0.953
HTI,2013,0.971
VAT,2013,0.976
HND,2013,1.022
HUN,2013,1.185
ISL,2013,0.776
IND,2013,0.397
IDN,2013,0.782
IRN,2013,1.638
IRQ,2013,1.139
IRL,2013,0.611
IMN,2013,0.453
ISR,2013,1.014
ITA,2013,1.009
JAM,2013,0.87
JPN,2013,0.596
JOR,2013,0.893
KAZ,2013,1.618
KEN,2013,0.87
KIR,2013,0.934
PRK,2013,0.375
KOR,2013,0.566
KWT,2013,1.433
KGZ,2013,1.367
LAO,2013,1.085
LVA,2013,1.052
LBN,2013,1.183
LSO,2013,0.557
LBR,2013,1.008
LBY,2013,1.122
LIE,2013,0.952
LTU,2013,0.96
LUX,2013,0.57
MDG,2013,0.696
MWI,2013,0.788
MYS,2013,0.957
MDV,2013,0.592
MLI,2013,0.99
MLT,2013,1.222
MHL,2013,0.544
MTQ,2013,0.539
MRT,2013,1.459
MUS,2013,1.102
MYT,2013,0.678
MEX,2013,0.698
FSM,2013,0.425
MDA,2013,1.307
MCO,2013,0.678
MNG,2013,1.061
MNE,2013,1.487
MSR,2013,0.556
MAR,2013,1.362
MOZ,2013,0.42
MMR,2013,1.109
NAM,2013,0.728
NRU,2013,
NPL,2013,0.341
NLD,2013,0.421
NCL,2013,0.597
NZL,2013,0.94
NIC,2013,1.07
NER,2013,1.064
NGA,2013,0.964
NIU,2013,
NFK,2013,0.483
MKD,2013,1.478
NOR,2013,0.804
OMN,2013,0.724
PAK,2013,0.845
PLW,2013,0.843
PAN,2013,0.693
PNG,2013,0.798
PRY,2013,0.412
PER,2013,0.649
PHL,2013,0.904
PCN,2013,
POL,2013,0.65
PRT,2013,0.944
PRI,2013,0.651
QAT,2013,1.285
ROU,2013,1.384
RUS,2013,1.183
RWA,2013,
SHN,2013,1.252
SPM,2013,1.317
WSM,2013,0.931
SMR,2013,1.093
STP,2013,0.681
SAU,2013,1.151
SEN,2013,1.216
SRB,2013,1.443
SYC,2013,0.987
SLE,2013,1.473
SGP,2013,1.194
SVK,2013,0.966
SVN,2013,1.286
SLB,2013,0.582
SOM,2013,1.238
ZAF,2013,0.763
SSD,2013,1.375
ESP,2013,0.918
LKA,2013,0.872
KNA,2013,0.556
LCA,2013,0.595
VCT,2013,0.592
SDN,2013,1.252
SUR,2013,1.61
SWE,2013,0.874
CHE,2013,0.779
SYR,2013,1.344
TWN,2013,0.565
TJK,2013,1.244
TZA,2013,1.012
THA,2013,1.123
TLS,2013,0.468
TGO,2013,0.821
TKL,2013,
TON,2013,0.819
TTO,2013,0.65
TUN,2013,1.449
TUR,2013,1.34
TKM,2013,1.657
TCA,2013,
TUV,2013,0.585
UGA,2013,0.92
UKR,2013,1.519
ARE,2013,0.863
GBR,2013,0.367
USA,2013,0.618
VIR,2013,0.618
URY,2013,0.229
UZB,2013,1.514
VUT,2013,0.702
VEN,2013,0.736
VNM,2013,0.927
WLF,2013,0.712
PSE,2013,1.013
ESH,2013,1.523
WLD,2013,1.023
YEM,2013,
ZMB,2013,1.069
ZWE,2013,0.394
AFG,2014,0.536
ALB,2014,1.357
DZA,2014,1.715
ASM,2014,0.887
AND,2014,1.868
AGO,2014,0.776
AIA,2014,0.611
ATG,2014,0.487
ARG,2014,0.901
ARM,2014,1.244
ABW,2014,0.865
AUS,2014,1.141
AUT,2014,2.43
AZE,2014,1.176
BHS,2014,1.053
BHR,2014,1.814
BGD,2014,0.563
BRB,2014,0.405
BLR,2014,2.165
BEL,2014,2.409
BLZ,2014,0.715
BEN,2014,0.975
BTN,2014,0.758
BOL,2014,1.321
BIH,2014,1.902
BWA,2014,0.328
BRA,2014,1.169
VGB,2014,0.736
BRN,2014,0.869
BGR,2014,1.236
BFA,2014,0.931
BDI,2014,
CPV,2014,0.696
KHM,2014,0.56
CMR,2014,0.858
CAN,2014,0.297
CYM,2014,0.786
CAF,2014,0.704
TCD,2014,0.879
CHL,2014,0.408
HKG,2014,0.98
MAC,2014,0.98
CHN,2014,1.109
COL,2014,0.624
COM,2014,0.621
COD,2014,0.86
COG,2014,0.694
COK,2014,
CRI,2014,0.612
HRV,2014,2.076
CUB,2014,0.887
CYP,2014,1.103
CZE,2014,2.518
DNK,2014,2.688
DJI,2014,1.153
DMA,2014,0.475
DOM,2014,0.984
ECU,2014,0.962
EGY,2014,1.263
SLV,2014,0.718
GNQ,2014,0.892
ERI,2014,0.889
EST,2014,2.407
SWZ,2014,0.387
ETH,2014,1.149
FLK,2014,
FRO,2014,1.763
FJI,2014,0.696
FIN,2014,2.609
FRA,2014,1.999
PYF,2014,0.449
GAB,2014,0.791
GMB,2014,1.465
GEO,2014,1.229
DEU,2014,2.516
GHA,2014,0.919
GIB,2014,1.507
GRC,2014,1.073
GRL,2014,1.419
GRD,2014,0.51
GLP,2014,0.544
GTM,2014,0.602
GUF,2014,1.451
GIN,2014,1.181
GNB,2014,1.689
GUY,2014,1.297
HTI,2014,1.193
VAT,2014,1.459
HND,2014,0.778
HUN,2014,2.248
ISL,2014,1.706
IND,2014,0.492
IDN,2014,0.768
IRN,2014,1.063
IRQ,2014,1.075
IRL,2014,1.362
IMN,2014,1.507
ISR,2014,0.767
ITA,2014,1.642
JAM,2014,1.091
JPN,2014,0.53
JOR,2014,0.69
KAZ,2014,0.673
KEN,2014,0.956
KIR,2014,1.073
PRK,2014,1.55
KOR,2014,0.897
KWT,2014,1.505
KGZ,2014,0.505
LAO,2014,0.66
LVA,2014,2.294
LBN,2014,1.01
LSO,2014,0.635
LBR,2014,0.963
LBY,2014,1.202
LIE,2014,2.254
LTU,2014,2.23
LUX,2014,2.462
MDG,2014,0.821
MWI,2014,1.055
MYS,2014,0.976
MDV,2014,0.672
MLI,2014,0.852
MLT,2014,1.419
MHL,2014,0.607
MTQ,2014,0.474
MRT,2014,1.357
MUS,2014,1.051
MYT,2014,0.872
MEX,2014,0.797
FSM,2014,0.378
MDA,2014,1.399
MCO,2014,1.768
MNG,2014,1.913
MNE,2014,1.605
MSR,2014,0.487
MAR,2014,1.751
MOZ,2014,0.671
MMR,2014,1.009
NAM,2014,0.412
NRU,2014,
NPL,2014,0.453
NLD,2014,2.555
NCL,2014,0.605
NZL,2014,0.509
NIC,2014,0.803
NER,2014,1.248
NGA,2014,1.048
NIU,2014,
NFK,2014,0.325
MKD,2014,1.378
NOR,2014,2.43
OMN,2014,0.774
PAK,2014,0.453
PLW,2014,0.899
PAN,2014,0.636
PNG,2014,0.488
PRY,2014,1.186
PER,2014,0.863
PHL,2014,0.783
PCN,2014,
POL,2014,2.349
PRT,2014,1.351
PRI,2014,0.767
QAT,2014,1.664
ROU,2014,1.576
RUS,2014,1.772
RWA,2014,
SHN,2014,1.346
SPM,2014,0.401
WSM,2014,0.791
SMR,2014,1.692
STP,2014,0.868
SAU,2014,1.218
SEN,2014,1.179
SRB,2014,1.648
SYC,2014,1.161
SLE,2014,1.577
SGP,2014,1.194
SVK,2014,2.35
SVN,2014,2.493
SLB,2014,0.642
SOM,2014,1.275
ZAF,2014,0.906
SSD,2014,0.981
ESP,2014,1.616
LKA,2014,0.954
KNA,2014,0.487
LCA,2014,0.479
VCT,2014,0.51
SDN,2014,1.039
SUR,2014,1.666
SWE,2014,2.717
CHE,2014,2.15
SYR,2014,1.215
TWN,2014,0.678
TJK,2014,0.489
TZA,2014,1.028
THA,2014,0.709
TLS,2014,0.552
TGO,2014,0.935
TKL,2014,
TON,2014,0.742
TTO,2014,0.608
TUN,2014,1.838
TUR,2014,1.321
TKM,2014,0.727
TCA,2014,
TUV,2014,0.548
UGA,2014,0.911
UKR,2014,1.713
ARE,2014,1.008
GBR,2014,1.717
USA,2014,0.504
VIR,2014,0.74
URY,2014,1.249
UZB,2014,0.165
VUT,2014,0.59
VEN,2014,0.755
VNM,2014,0.539
WLF,2014,0.687
PSE,2014,0.754
ESH,2014,1.47
WLD,2014,1.059
YEM,2014,
ZMB,2014,0.935
ZWE,2014,0.507
AFG,2015,1.166
ALB,2015,1.703
DZA,2015,1.151
ASM,2015,0.726
AND,2015,1.564
AGO,2015,1.319
AIA,2015,0.87
ATG,2015,0.811
ARG,2015,0.892
ARM,2015,1.897
ABW,2015,1.051
AUS,2015,1.038
AUT,2015,2.184
AZE,2015,1.597
BHS,2015,1.397
BHR,2015,2.355
BGD,2015,0.796
BRB,2015,0.86
BLR,2015,2.244
BEL,2015,1.367
BLZ,2015,1.235
BEN,2015,1.192
BTN,2015,0.986
BOL,2015,1.772
BIH,2015,1.89
BWA,2015,2.024
BRA,2015,1.6
VGB,2015,0.929
BRN,2015,1.043
BGR,2015,1.495
BFA,2015,1.178
BDI,2015,
CPV,2015,0.683
KHM,2015,1.037
CMR,2015,1.139
CAN,2015,1.225
CYM,2015,1.027
CAF,2015,1.011
TCD,2015,1.328
CHL,2015,0.734
HKG,2015,1.455
MAC,2015,1.455
CHN,2015,1.343
COL,2015,1.093
COM,2015,0.837
COD,2015,0.966
COG,2015,1.02
COK,2015,
CRI,2015,0.972
HRV,2015,1.973
CUB,2015,1.142
CYP,2015,1.254
CZE,2015,2.132
DNK,2015,1.524
DJI,2015,1.638
DMA,2015,0.712
DOM,2015,1.192
ECU,2015,1.403
EGY,2015,1.219
SLV,2015,1.337
GNQ,2015,0.849
ERI,2015,1.777
EST,2015,2.355
SWZ,2015,0.781
ETH,2015,1.395
FLK,2015,
FRO,2015,0.81
FJI,2015,0.616
FIN,2015,2.629
FRA,2015,1.558
PYF,2015,0.51
GAB,2015,0.893
GMB,2015,1.516
GEO,2015,1.727
DEU,2015,1.673
GHA,2015,1.224
GIB,2015,1.442
GRC,2015,0.911
GRL,2015,0.184
GRD,2015,0.704
GLP,2015,0.803
GTM,2015,1.184
GUF,2015,1.654
GIN,2015,1.432
GNB,2015,1.722
GUY,2015,1.589
HTI,2015,1.256
VAT,2015,1.614
HND,2015,1.223
HUN,2015,2.103
ISL,2015,0.462
IND,2015,0.653
IDN,2015,0.789
IRN,2015,1.835
IRQ,2015,1.808
IRL,2015,0.437
IMN,2015,0.402
ISR,2015,1.237
ITA,2015,1.74
JAM,2015,1.15
JPN,2015,0.815
JOR,2015,1.345
KAZ,2015,1.61
KEN,2015,1.16
KIR,2015,1.028
PRK,2015,1.246
KOR,2015,0.847
KWT,2015,2.083
KGZ,2015,1.479
LAO,2015,1.314
LVA,2015,2.143
LBN,2015,1.413
LSO,2015,1.135
LBR,2015,1.33
LBY,2015,0.692
LIE,2015,2.073
LTU,2015,2.096
LUX,2015,1.516
MDG,2015,1.171
MWI,2015,0.991
MYS,2015,1.13
MDV,2015,0.806
MLI,2015,1.094
MLT,2015,1.429
MHL,2015,0.5
MTQ,2015,0.71
MRT,2015,1.357
MUS,2015,1.382
MYT,2015,1.098
MEX,2015,1.048
FSM,2015,0.36
MDA,2015,2.021
MCO,2015,1.863
MNG,2015,2.172
MNE,2015,1.785
MSR,2015,0.811
MAR,2015,1.256
MOZ,2015,0.967
MMR,2015,1.308
NAM,2015,1.089
NRU,2015,
NPL,2015,0.67
NLD,2015,1.282
NCL,2015,0.818
NZL,2015,0.542
NIC,2015,1.083
NER,2015,1.055
NGA,2015,1.228
NIU,2015,
NFK,2015,0.862
MKD,2015,1.548
NOR,2015,1.808
OMN,2015,1.446
PAK,2015,0.606
PLW,2015,1.148
PAN,2015,0.923
PNG,2015,0.411
PRY,2015,1.522
PER,2015,1.245
PHL,2015,1.056
PCN,2015,
POL,2015,1.999
PRT,2015,1.398
PRI,2015,1.022
QAT,2015,2.092
ROU,2015,1.854
RUS,2015,2.259
RWA,2015,
SHN,2015,1.935
SPM,2015,0.116
WSM,2015,0.63
SMR,2015,1.928
STP,2015,0.814
SAU,2015,1.856
SEN,2015,1.298
SRB,2015,1.782
SYC,2015,1.479
SLE,2015,1.615
SGP,2015,1.459
SVK,2015,2.135
SVN,2015,2.192
SLB,2015,0.422
SOM,2015,1.629
ZAF,2015,1.415
SSD,2015,1.198
ESP,2015,1.528
LKA,2015,0.948
KNA,2015,0.811
LCA,2015,0.725
VCT,2015,0.705
SDN,2015,1.582
SUR,2015,1.736
SWE,2015,2.088
CHE,2015,1.956
SYR,2015,1.36
TWN,2015,0.703
TJK,2015,1.246
TZA,2015,1.278
THA,2015,1.209
TLS,2015,0.627
TGO,2015,1.197
TKL,2015,
TON,2015,0.789
TTO,2015,0.75
TUN,2015,1.168
TUR,2015,0.811
TKM,2015,1.415
TCA,2015,
TUV,2015,0.7
UGA,2015,0.977
UKR,2015,2.085
ARE,2015,1.627
GBR,2015,0.61
USA,2015,1.534
VIR,2015,0.944
URY,2015,1.133
UZB,2015,1.386
VUT,2015,0.576
VEN,2015,1.022
VNM,2015,1.216
WLF,2015,0.7
PSE,2015,1.226
ESH,2015,1.513
WLD,2015,1.424
YEM,2015,
ZMB,2015,1.863
ZWE,2015,1.226
AFG,2016,1.581
ALB,2016,1.624
DZA,2016,1.776
ASM,2016,1.256
AND,2016,1.845
AGO,2016,1.733
AIA,2016,0.963
ATG,2016,0.889
ARG,2016,0.417
ARM,2016,1.317
ABW,2016,
AUS,2016,1.126
AUT,2016,2.115
AZE,2016,1.385
BHS,2016,1.349
BHR,2016,1.63
BGD,2016,1.395
BRB,2016,1.153
BLR,2016,2.194
BEL,2016,1.867
BLZ,2016,1.367
BEN,2016,1.139
BTN,2016,1.455
BOL,2016,1.015
BIH,2016,1.749
BWA,2016,1.821
BRA,2016,1.49
VGB,2016,1.037
BRN,2016,1.519
BGR,2016,1.955
BFA,2016,1.136
BDI,2016,
CPV,2016,1.334
KHM,2016,1.349
CMR,2016,1.206
CAN,2016,2.412
CYM,2016,0.964
CAF,2016,1.241
TCD,2016,0.921
CHL,2016,0.831
HKG,2016,1.055
MAC,2016,1.055
CHN,2016,1.379
COL,2016,0.941
COM,2016,0.812
COD,2016,1.454
COG,2016,1.481
COK,2016,
CRI,2016,0.937
HRV,2016,1.883
CUB,2016,1.203
CYP,2016,1.628
CZE,2016,2.089
DNK,2016,1.856
DJI,2016,1.401
DMA,2016,0.864
DOM,2016,1.11
ECU,2016,1.39
EGY,2016,1.38
SLV,2016,1.297
GNQ,2016,1.458
ERI,2016,1.054
EST,2016,1.89
SWZ,2016,0.867
ETH,2016,1.494
FLK,2016,
FRO,2016,0.8
FJI,2016,1.086
FIN,2016,2.167
FRA,2016,1.738
PYF,2016,0.946
GAB,2016,1.417
GMB,2016,1.917
GEO,2016,1.318
DEU,2016,1.985
GHA,2016,1.328
GIB,2016,1.799
GRC,2016,1.576
GRL,2016,2.346
GRD,2016,0.802
GLP,2016,0.916
GTM,2016,1.386
GUF,2016,2.074
GIN,2016,1.442
GNB,2016,2.038
GUY,2016,1.64
HTI,2016,1.189
VAT,2016,1.688
HND,2016,1.449
HUN,2016,1.929
ISL,2016,1.453
IND,2016,1.048
IDN,2016,1.455
IRN,2016,1.64
IRQ,2016,1.513
IRL,2016,1.047
IMN,2016,1.11
ISR,2016,1.527
ITA,2016,1.739
JAM,2016,1.291
JPN,2016,1.304
JOR,2016,1.573
KAZ,2016,2.246
KEN,2016,1.259
KIR,2016,1.296
PRK,2016,1.467
KOR,2016,1.539
KWT,2016,1.586
KGZ,2016,1.886
LAO,2016,1.324
LVA,2016,1.904
LBN,2016,1.695
LSO,2016,1.792
LBR,2016,1.523
LBY,2016,1.504
LIE,2016,2.057
LTU,2016,1.94
LUX,2016,1.864
MDG,2016,1.12
MWI,2016,1.31
MYS,2016,1.577
MDV,2016,0.846
MLI,2016,1.161
MLT,2016,1.682
MHL,2016,0.804
MTQ,2016,0.87
MRT,2016,1.591
MUS,2016,1.362
MYT,2016,1.003
MEX,2016,1.236
FSM,2016,0.747
MDA,2016,2.111
MCO,2016,1.734
MNG,2016,1.434
MNE,2016,1.56
MSR,2016,0.889
MAR,2016,1.948
MOZ,2016,1.189
MMR,2016,1.539
NAM,2016,1.487
NRU,2016,
NPL,2016,1.192
NLD,2016,1.924
NCL,2016,1.512
NZL,2016,1.182
NIC,2016,1.267
NER,2016,1.204
NGA,2016,1.214
NIU,2016,
NFK,2016,1.38
MKD,2016,1.722
NOR,2016,1.73
OMN,2016,1.137
PAK,2016,1.226
PLW,2016,1.206
PAN,2016,0.831
PNG,2016,1.373
PRY,2016,0.233
PER,2016,1.383
PHL,2016,1.495
PCN,2016,
POL,2016,2.038
PRT,2016,1.681
PRI,2016,1.11
QAT,2016,1.592
ROU,2016,1.938
RUS,2016,2.471
RWA,2016,
SHN,2016,1.671
SPM,2016,0.853
WSM,2016,1.16
SMR,2016,1.843
STP,2016,1.526
SAU,2016,1.508
SEN,2016,1.658
SRB,2016,1.74
SYC,2016,1.425
SLE,2016,1.531
SGP,2016,1.889
SVK,2016,1.962
SVN,2016,2.111
SLB,2016,0.664
SOM,2016,1.438
ZAF,2016,1.669
SSD,2016,1.312
ESP,2016,1.713
LKA,2016,1.328
KNA,2016,0.889
LCA,2016,0.884
VCT,2016,0.804
SDN,2016,1.281
SUR,2016,2.217
SWE,2016,1.855
CHE,2016,1.84
SYR,2016,1.857
TWN,2016,0.99
TJK,2016,1.768
TZA,2016,1.127
THA,2016,1.461
TLS,2016,1.556
TGO,2016,1.257
TKL,2016,
TON,2016,1.313
TTO,2016,0.841
TUN,2016,1.863
TUR,2016,1.575
TKM,2016,2.003
TCA,2016,
TUV,2016,0.825
UGA,2016,1.064
UKR,2016,2.128
ARE,2016,1.148
GBR,2016,1.165
USA,2016,2.229
VIR,2016,1.048
URY,2016,0.417
UZB,2016,2.262
VUT,2016,1.123
VEN,2016,0.988
VNM,2016,1.164
WLF,2016,1.279
PSE,2016,1.528
ESH,2016,1.8
WLD,2016,1.668
YEM,2016,
ZMB,2016,1.3
ZWE,2016,1.47
AFG,2017,1.626
ALB,2017,1.286
DZA,2017,1.537
ASM,2017,1.151
AND,2017,1.784
AGO,2017,0.952
AIA,2017,0.702
ATG,2017,0.665
ARG,2017,1.01
ARM,2017,0.884
ABW,2017,1.22
AUS,2017,1.111
AUT,2017,1.765
AZE,2017,1.236
BHS,2017,1.506
BHR,2017,2.091
BGD,2017,1.242
BRB,2017,0.792
BLR,2017,1.588
BEL,2017,1.707
BLZ,2017,1.273
BEN,2017,1.26
BTN,2017,1.443
BOL,2017,1.251
BIH,2017,1.498
BWA,2017,0.328
BRA,2017,1.348
VGB,2017,0.738
BRN,2017,1.067
BGR,2017,1.013
BFA,2017,1.283
BDI,2017,
CPV,2017,1.626
KHM,2017,0.998
CMR,2017,1.172
CAN,2017,1.503
CYM,2017,0.937
CAF,2017,1.225
TCD,2017,1.025
CHL,2017,0.671
HKG,2017,1.629
MAC,2017,1.629
CHN,2017,1.637
COL,2017,0.625
COM,2017,1.062
COD,2017,1.19
COG,2017,1.155
COK,2017,1.186
CRI,2017,0.731
HRV,2017,1.601
CUB,2017,1.339
CYP,2017,0.916
CZE,2017,1.609
DNK,2017,1.624
DJI,2017,1.676
DMA,2017,0.621
DOM,2017,0.851
ECU,2017,0.963
EGY,2017,0.626
SLV,2017,0.75
GNQ,2017,1.338
ERI,2017,1.409
EST,2017,1.475
SWZ,2017,0.383
ETH,2017,1.464
FLK,2017,
FRO,2017,1.486
FJI,2017,1.273
FIN,2017,1.504
FRA,2017,1.743
PYF,2017,0.679
GAB,2017,1.392
GMB,2017,2.033
GEO,2017,0.788
DEU,2017,1.651
GHA,2017,1.405
GIB,2017,2.089
GRC,2017,0.657
GRL,2017,1.184
GRD,2017,0.748
GLP,2017,0.666
GTM,2017,1.029
GUF,2017,1.798
GIN,2017,1.807
GNB,2017,2.171
GUY,2017,1.307
HTI,2017,0.985
VAT,2017,1.383
HND,2017,1.095
HUN,2017,1.383
ISL,2017,1.736
IND,2017,0.949
IDN,2017,0.968
IRN,2017,1.746
IRQ,2017,1.452
IRL,2017,1.281
IMN,2017,1.374
ISR,2017,0.647
ITA,2017,1.618
JAM,2017,1.074
JPN,2017,0.774
JOR,2017,0.871
KAZ,2017,1.76
KEN,2017,1.512
KIR,2017,1.107
PRK,2017,1.654
KOR,2017,1.362
KWT,2017,1.925
KGZ,2017,1.444
LAO,2017,1.071
LVA,2017,1.467
LBN,2017,1.107
LSO,2017,0.826
LBR,2017,1.538
LBY,2017,0.471
LIE,2017,1.829
LTU,2017,1.535
LUX,2017,1.639
MDG,2017,1.442
MWI,2017,1.22
MYS,2017,1.109
MDV,2017,0.707
MLI,2017,1.406
MLT,2017,1.142
MHL,2017,0.611
MTQ,2017,0.625
MRT,2017,1.911
MUS,2017,1.562
MYT,2017,1.239
MEX,2017,1.474
FSM,2017,0.764
MDA,2017,1.435
MCO,2017,1.921
MNG,2017,2.515
MNE,2017,1.364
MSR,2017,0.665
MAR,2017,2.232
MOZ,2017,0.915
MMR,2017,1.434
NAM,2017,0.844
NRU,2017,
NPL,2017,1.123
NLD,2017,1.723
NCL,2017,1.302
NZL,2017,0.606
NIC,2017,0.975
NER,2017,1.026
NGA,2017,1.19
NIU,2017,
NFK,2017,1.047
MKD,2017,1.156
NOR,2017,1.559
OMN,2017,1.592
PAK,2017,1.322
PLW,2017,1.069
PAN,2017,0.69
PNG,2017,0.997
PRY,2017,1.155
PER,2017,0.928
PHL,2017,1.199
PCN,2017,
POL,2017,1.461
PRT,2017,2.125
PRI,2017,0.834
QAT,2017,1.947
ROU,2017,1.219
RUS,2017,2.142
RWA,2017,
SHN,2017,1.394
SPM,2017,0.356
WSM,2017,1.056
SMR,2017,1.749
STP,2017,1.224
SAU,2017,1.753
SEN,2017,1.856
SRB,2017,1.324
SYC,2017,1.516
SLE,2017,2.227
SGP,2017,1.385
SVK,2017,1.29
SVN,2017,1.789
SLB,2017,0.456
SOM,2017,1.8
ZAF,2017,1.151
SSD,2017,1.37
ESP,2017,2.033
LKA,2017,1.051
KNA,2017,0.665
LCA,2017,0.693
VCT,2017,0.739
SDN,2017,1.311
SUR,2017,1.874
SWE,2017,1.598
CHE,2017,1.818
SYR,2017,1.224
TWN,2017,1.324
TJK,2017,1.336
TZA,2017,1.577
THA,2017,1.011
TLS,2017,0.858
TGO,2017,1.351
TKL,2017,
TON,2017,1.106
TTO,2017,1.002
TUN,2017,1.333
TUR,2017,0.768
TKM,2017,1.685
TCA,2017,
TUV,2017,0.915
UGA,2017,1.449
UKR,2017,1.436
ARE,2017,1.654
GBR,2017,1.43
USA,2017,1.437
VIR,2017,0.755
URY,2017,1.667
UZB,2017,1.751
VUT,2017,1.02
VEN,2017,0.625
VNM,2017,1.118
WLF,2017,1.081
PSE,2017,0.639
ESH,2017,2.234
WLD,2017,1.438
YEM,2017,
ZMB,2017,0.629
ZWE,2017,0.443
AFG,2018,1.682
ALB,2018,2.189
DZA,2018,1.246
ASM,2018,0.905
AND,2018,1.76
AGO,2018,1.26
AIA,2018,0.532
ATG,2018,0.506
ARG,2018,0.783
ARM,2018,2.75
ABW,2018,0.637
AUS,2018,1.104
AUT,2018,2.563
AZE,2018,2.181
BHS,2018,1.144
BHR,2018,2.25
BGD,2018,1.039
BRB,2018,0.509
BLR,2018,2.339
BEL,2018,2.177
BLZ,2018,0.742
BEN,2018,1.129
BTN,2018,1.389
BOL,2018,0.816
BIH,2018,2.356
BWA,2018,1.004
BRA,2018,1.17
VGB,2018,0.559
BRN,2018,1.076
BGR,2018,2.251
BFA,2018,1.225
BDI,2018,
CPV,2018,0.539
KHM,2018,0.724
CMR,2018,1.054
CAN,2018,0.523
CYM,2018,0.545
CAF,2018,1.206
TCD,2018,1.515
CHL,2018,0.333
HKG,2018,1.479
MAC,2018,1.479
CHN,2018,1.423
COL,2018,0.972
COM,2018,0.816
COD,2018,1.34
COG,2018,1.181
COK,2018,0.748
CRI,2018,1.18
HRV,2018,2.363
CUB,2018,1.157
CYP,2018,2.236
CZE,2018,2.665
DNK,2018,2.113
DJI,2018,1.024
DMA,2018,0.421
DOM,2018,0.97
ECU,2018,0.966
EGY,2018,2.053
SLV,2018,0.803
GNQ,2018,0.685
ERI,2018,0.981
EST,2018,2.386
SWZ,2018,0.842
ETH,2018,0.944
FLK,2018,
FRO,2018,0.826
FJI,2018,1.058
FIN,2018,2.17
FRA,2018,2.006
PYF,2018,0.404
GAB,2018,0.896
GMB,2018,1.317
GEO,2018,2.476
DEU,2018,2.395
GHA,2018,1.173
GIB,2018,0.799
GRC,2018,1.948
GRL,2018,0.912
GRD,2018,0.333
GLP,2018,0.486
GTM,2018,0.865
GUF,2018,1.538
GIN,2018,1.53
GNB,2018,1.618
GUY,2018,1.411
HTI,2018,1.106
VAT,2018,1.935
HND,2018,0.819
HUN,2018,2.579
ISL,2018,0.859
IND,2018,0.855
IDN,2018,0.881
IRN,2018,2.036
IRQ,2018,2.303
IRL,2018,0.801
IMN,2018,0.886
ISR,2018,1.881
ITA,2018,1.873
JAM,2018,1.543
JPN,2018,0.899
JOR,2018,1.899
KAZ,2018,0.645
KEN,2018,0.635
KIR,2018,1.014
PRK,2018,0.909
KOR,2018,0.873
KWT,2018,2.315
KGZ,2018,1.226
LAO,2018,0.814
LVA,2018,2.327
LBN,2018,2.202
LSO,2018,0.717
LBR,2018,1.367
LBY,2018,1.695
LIE,2018,2.333
LTU,2018,2.423
LUX,2018,2.46
MDG,2018,1.115
MWI,2018,1.039
MYS,2018,1.172
MDV,2018,0.65
MLI,2018,1.179
MLT,2018,1.344
MHL,2018,0.397
MTQ,2018,0.407
MRT,2018,1.008
MUS,2018,1.299
MYT,2018,1.028
MEX,2018,1.105
FSM,2018,0.616
MDA,2018,2.093
MCO,2018,1.886
MNG,2018,2.235
MNE,2018,2.323
MSR,2018,0.506
MAR,2018,0.638
MOZ,2018,0.836
MMR,2018,1.181
NAM,2018,1.231
NRU,2018,
NPL,2018,0.654
NLD,2018,2.127
NCL,2018,0.937
NZL,2018,1.157
NIC,2018,1.096
NER,2018,1.196
NGA,2018,1.069
NIU,2018,
NFK,2018,1.03
MKD,2018,2.171
NOR,2018,1.491
OMN,2018,1.267
PAK,2018,1.418
PLW,2018,1.135
PAN,2018,1.076
PNG,2018,0.659
PRY,2018,0.549
PER,2018,0.7
PHL,2018,1.22
PCN,2018,
POL,2018,2.418
PRT,2018,0.883
PRI,2018,0.66
QAT,2018,2.102
ROU,2018,2.331
RUS,2018,2.058
RWA,2018,
SHN,2018,1.633
SPM,2018,0.694
WSM,2018,0.81
SMR,2018,2.042
STP,2018,0.925
SAU,2018,1.864
SEN,2018,1.084
SRB,2018,2.37
SYC,2018,1.248
SLE,2018,1.714
SGP,2018,1.375
SVK,2018,2.578
SVN,2018,2.486
SLB,2018,0.481
SOM,2018,0.836
ZAF,2018,1.083
SSD,2018,1.228
ESP,2018,1.141
LKA,2018,0.782
KNA,2018,0.506
LCA,2018,0.387
VCT,2018,0.333
SDN,2018,1.331
SUR,2018,1.685
SWE,2018,1.853
CHE,2018,2.334
SYR,2018,2.462
TWN,2018,1.074
TJK,2018,1.662
TZA,2018,1.099
THA,2018,0.822
TLS,2018,
TGO,2018,1.179
TKL,2018,
TON,2018,1.048
TTO,2018,0.349
TUN,2018,1.455
TUR,2018,2.629
TKM,2018,1.537
TCA,2018,
TUV,2018,0.877
UGA,2018,0.779
UKR,2018,2.252
ARE,2018,1.593
GBR,2018,1.013
USA,2018,1.278
VIR,2018,0.571
URY,2018,1.327
UZB,2018,0.998
VUT,2018,0.364
VEN,2018,0.73
VNM,2018,0.822
WLF,2018,0.896
PSE,2018,1.875
ESH,2018,0.917
WLD,2018,1.301
YEM,2018,
ZMB,2018,0.888
ZWE,2018,0.747
AFG,2019,1.125
ALB,2019,1.858
DZA,2019,1.127
ASM,2019,1.255
AND,2019,1.8
AGO,2019,1.752
AIA,2019,0.766
ATG,2019,0.763
ARG,2019,0.664
ARM,2019,1.806
ABW,2019,0.97
AUS,2019,1.405
AUT,2019,2.408
AZE,2019,1.967
BHS,2019,1.581
BHR,2019,2.125
BGD,2019,1.264
BRB,2019,0.974
BLR,2019,2.697
BEL,2019,2.054
BLZ,2019,1.443
BEN,2019,1.232
BTN,2019,1.282
BOL,2019,1.248
BIH,2019,2.119
BWA,2019,1.833
BRA,2019,1.532
VGB,2019,0.768
BRN,2019,1.283
BGR,2019,2.208
BFA,2019,1.153
BDI,2019,
CPV,2019,1.134
KHM,2019,1.544
CMR,2019,1.527
CAN,2019,1.342
CYM,2019,0.917
CAF,2019,1.28
TCD,2019,1.375
CHL,2019,0.459
HKG,2019,2.089
MAC,2019,2.089
CHN,2019,1.474
COL,2019,1.228
COM,2019,1.408
COD,2019,1.325
COG,2019,1.313
COK,2019,0.73
CRI,2019,1.394
HRV,2019,2.214
CUB,2019,1.601
CYP,2019,1.643
CZE,2019,2.556
DNK,2019,2.186
DJI,2019,1.255
DMA,2019,0.579
DOM,2019,1.115
ECU,2019,1.174
EGY,2019,1.058
SLV,2019,0.996
GNQ,2019,1.522
ERI,2019,0.796
EST,2019,2.178
SWZ,2019,1.341
ETH,2019,1.362
FLK,2019,
FRO,2019,0.871
FJI,2019,0.969
FIN,2019,1.471
FRA,2019,1.956
PYF,2019,0.627
GAB,2019,1.554
GMB,2019,1.63
GEO,2019,1.68
DEU,2019,2.335
GHA,2019,1.389
GIB,2019,1.351
GRC,2019,1.503
GRL,2019,2.211
GRD,2019,0.566
GLP,2019,0.694
GTM,2019,1.408
GUF,2019,1.855
GIN,2019,1.797
GNB,2019,1.939
GUY,2019,1.301
HTI,2019,1.356
VAT,2019,1.654
HND,2019,1.252
HUN,2019,2.411
ISL,2019,1.366
IND,2019,0.772
IDN,2019,1.056
IRN,2019,1.616
IRQ,2019,1.639
IRL,2019,1.222
IMN,2019,1.184
ISR,2019,1.071
ITA,2019,1.709
JAM,2019,1.46
JPN,2019,1.247
JOR,2019,1.222
KAZ,2019,1.493
KEN,2019,1.611
KIR,2019,1.015
PRK,2019,1.915
KOR,2019,1.438
KWT,2019,1.834
KGZ,2019,1.649
LAO,2019,2.053
LVA,2019,2.426
LBN,2019,1.467
LSO,2019,1.557
LBR,2019,1.552
LBY,2019,0.968
LIE,2019,2.148
LTU,2019,2.638
LUX,2019,2.151
MDG,2019,1.696
MWI,2019,1.225
MYS,2019,1.428
MDV,2019,0.918
MLI,2019,1.242
MLT,2019,0.949
MHL,2019,0.605
MTQ,2019,0.576
MRT,2019,1.426
MUS,2019,1.762
MYT,2019,1.588
MEX,2019,1.246
FSM,2019,0.658
MDA,2019,2.401
MCO,2019,1.858
MNG,2019,1.856
MNE,2019,1.943
MSR,2019,0.763
MAR,2019,1.579
MOZ,2019,1.185
MMR,2019,1.879
NAM,2019,1.939
NRU,2019,
NPL,2019,0.67
NLD,2019,2.136
NCL,2019,0.875
NZL,2019,1.107
NIC,2019,1.362
NER,2019,1.104
NGA,2019,1.26
NIU,2019,
NFK,2019,0.997
MKD,2019,1.927
NOR,2019,1.208
OMN,2019,0.975
PAK,2019,0.608
PLW,2019,
PAN,2019,1.277
PNG,2019,0.656
PRY,2019,1.363
PER,2019,0.996
PHL,2019,1.325
PCN,2019,
POL,2019,2.64
PRT,2019,1.258
PRI,2019,0.82
QAT,2019,1.903
ROU,2019,2.308
RUS,2019,2.192
RWA,2019,
SHN,2019,1.669
SPM,2019,0.037
WSM,2019,1.16
SMR,2019,1.86
STP,2019,1.313
SAU,2019,1.778
SEN,2019,1.53
SRB,2019,2.149
SYC,2019,1.708
SLE,2019,2.084
SGP,2019,2.042
SVK,2019,2.463
SVN,2019,2.427
SLB,2019,0.427
SOM,2019,1.747
ZAF,2019,1.826
SSD,2019,1.031
ESP,2019,1.507
LKA,2019,1.232
KNA,2019,0.763
LCA,2019,0.618
VCT,2019,0.554
SDN,2019,0.99
SUR,2019,1.966
SWE,2019,1.576
CHE,2019,2.095
SYR,2019,1.652
TWN,2019,1.269
TJK,2019,1.341
TZA,2019,1.468
THA,2019,1.749
TLS,2019,0.664
TGO,2019,1.335
TKL,2019,
TON,2019,1.63
TTO,2019,0.867
TUN,2019,1.286
TUR,2019,1.695
TKM,2019,1.872
TCA,2019,
TUV,2019,0.98
UGA,2019,1.292
UKR,2019,2.38
ARE,2019,1.266
GBR,2019,1.248
USA,2019,1.04
VIR,2019,0.775
URY,2019,0.913
UZB,2019,1.893
VUT,2019,0.691
VEN,2019,1.054
VNM,2019,1.776
WLF,2019,1.284
PSE,2019,1.052
ESH,2019,1.497
WLD,2019,1.463
YEM,2019,
ZMB,2019,1.31
ZWE,2019,1.359
